Number,Name,PLD,LCD,VSA,Density,VF,H,C,N,O,Metal,Metal_count,Number_group
0,05000N2,3.10007,4.22868,0.0,0.909019,0.514,24.0,36.0,0.0,12.0,0,0,6
1,05001N2,23.42513,23.65787,1041.72,0.583969,0.732,48.0,108.0,0.0,24.0,0,0,6
2,07000N2,31.34049,31.52022,891.792,0.44676,0.7836,72.0,144.0,0.0,24.0,0,0,12
3,07001N2,8.56216,9.14896,1201.04,0.996063,0.537,18.0,48.0,0.0,12.0,0,0,0
4,07002N2,16.21639,16.54198,1168.82,0.698051,0.6572,42.0,84.0,0.0,12.0,0,0,6
5,07010N3,7.98975,9.04156,2179.94,0.420553,0.7736,192.0,300.0,0.0,48.0,0,0,48
6,07011N3,8.50466,9.68318,2089.62,0.388736,0.7912,192.0,288.0,0.0,48.0,0,0,48
7,07012N3,16.12301,18.79873,1151.51,0.176283,0.905,288.0,576.0,0.0,96.0,0,0,48
8,07013N3,19.05082,27.47264,1071.74,0.170478,0.9134,72.0,147.0,0.0,24.0,0,0,12
9,08000N3,5.40897,9.86844,2313.71,0.522061,0.7234,480.0,428.0,0.0,96.0,0,0,48
10,08010N2,7.65138,8.38514,502.936,0.880672,0.5446,96.0,96.0,0.0,24.0,0,0,0
11,08011N2,9.83865,10.52235,1269.32,0.791326,0.6038,72.0,84.0,0.0,24.0,0,0,0
12,08012N2,12.23712,12.73227,1498.0,0.736984,0.6376,48.0,72.0,0.0,24.0,0,0,0
13,08013N2,14.32867,14.70932,1323.94,0.737315,0.663,24.0,60.0,0.0,24.0,0,0,0
14,08020N2,8.40704,8.94082,1084.58,1.01943,0.5154,24.0,48.0,12.0,0.0,0,0,6
15,08030N2,28.52404,28.70553,932.106,0.524353,0.7524,72.0,168.0,0.0,24.0,0,0,0
16,09000N3,9.26179,9.35856,2048.08,0.545319,0.7224,112.0,164.0,16.0,0.0,0,0,24
17,09010N2,13.33522,13.70782,1276.32,0.869092,0.5726,48.0,96.0,0.0,12.0,0,0,0
18,10000N2,10.55911,10.99477,1223.94,0.904999,0.564,36.0,72.0,12.0,0.0,0,0,0
19,10001N2,3.31316,4.88531,1479.9,0.904999,0.557,36.0,72.0,12.0,0.0,0,0,0
20,10010N2,16.54632,16.84184,1122.51,0.790253,0.6416,36.0,88.0,16.0,16.0,0,0,4
21,10020N2,16.38076,16.6896,1155.59,0.659293,0.6528,60.0,96.0,0.0,0.0,0,0,12
22,11000N2,16.8085,17.20303,1551.9,0.560101,0.7218,108.0,108.0,24.0,24.0,0,0,0
23,11001N2,5.07551,6.13588,2260.02,0.666972,0.6564,108.0,108.0,24.0,24.0,0,0,0
24,11002N2,32.26851,32.49748,944.279,0.347833,0.8206,156.0,180.0,24.0,24.0,0,0,12
25,11003N2,13.35279,13.67413,2233.93,0.439138,0.7708,156.0,180.0,24.0,24.0,0,0,12
26,11010N2,12.18247,12.55788,1199.01,0.904977,0.625,96.0,352.0,96.0,64.0,3,8,0
27,11020N2,15.60159,15.98839,1338.23,0.572273,0.7104,48.0,72.0,12.0,0.0,0,0,6
28,11030N2,18.68643,20.45694,1524.89,0.361779,0.8126,76.0,120.0,16.0,0.0,0,0,12
29,11031N2,26.65939,26.99882,1308.15,0.281663,0.8582,152.0,288.0,16.0,32.0,0,0,16
30,11040N2,41.13741,41.2682,792.445,0.336774,0.8394,72.0,168.0,0.0,24.0,0,0,12
31,12000N2,15.82205,16.14031,1205.66,0.705665,0.6664,48.0,72.0,12.0,12.0,0,0,6
32,12001N2,13.37953,13.76832,1281.55,0.779579,0.607,72.0,84.0,12.0,12.0,0,0,0
33,12010N2,18.35805,18.71848,1104.88,0.626105,0.6898,240.0,448.0,32.0,64.0,0,0,32
34,12011N2,18.36705,18.72706,1100.33,0.668765,0.6894,224.0,448.0,32.0,64.0,5,8,32
35,12012N2,18.34894,18.712,1105.92,0.667524,0.6872,224.0,448.0,32.0,64.0,2,8,32
36,12020N2,18.25823,18.52902,1100.33,0.780161,0.6654,48.0,128.0,16.0,16.0,5,2,0
37,12022N2,26.564,26.75925,1021.11,0.545355,0.762,48.0,128.0,16.0,16.0,5,2,8
38,12023N2,26.96927,27.1624,911.887,0.610087,0.7472,64.0,168.0,24.0,32.0,5,2,8
39,12024N2,32.07521,32.24029,919.874,0.429733,0.8002,64.0,152.0,16.0,16.0,5,2,12
40,12030N2,19.13887,19.38979,1120.15,0.654918,0.714,36.0,108.0,12.0,24.0,0,0,0
41,12040N2,18.67205,18.83659,1110.43,0.719774,0.6526,72.0,120.0,0.0,24.0,0,0,6
42,12050N2,8.981,9.50439,1148.13,0.903296,0.502,36.0,48.0,6.0,0.0,0,0,6
43,12051N2,2.87134,3.95724,0.0,0.893187,0.5082,36.0,48.0,6.0,0.0,0,0,6
44,12060N2,16.6418,16.97751,1142.88,0.777322,0.6656,128.0,352.0,64.0,64.0,5,8,16
45,12061N2,16.6418,16.97751,1142.88,0.775717,0.6656,128.0,352.0,64.0,64.0,2,8,16
46,12062N2,16.6418,16.97751,1142.88,0.771703,0.6632,128.0,352.0,64.0,64.0,1,8,16
47,13000N2,7.08936,7.65128,798.46,1.59194,0.4236,0.0,48.0,12.0,0.0,0,0,0
48,13010N2,30.44075,30.61493,832.378,0.58509,0.7216,96.0,204.0,0.0,24.0,0,0,6
49,13011N2,37.29623,37.4441,766.926,0.497001,0.7632,120.0,264.0,0.0,24.0,0,0,0
50,13012N2,40.01714,40.15467,745.002,0.450916,0.7808,120.0,240.0,0.0,24.0,0,0,12
51,13020N2,27.93603,28.38023,1153.67,0.2551,0.8722,56.0,116.0,0.0,24.0,0,0,6
52,13030N2,1.30303,2.61808,0.0,1.66978,0.2566,6.0,18.0,6.0,0.0,0,0,0
53,13040N3,8.28728,8.45219,1445.86,0.70169,0.6226,144.0,212.0,16.0,0.0,0,0,32
54,13050N2,21.99941,22.25156,1108.12,0.614558,0.7328,60.0,120.0,12.0,24.0,0,0,0
55,13051N2,15.82205,16.14031,1205.66,0.705665,0.6664,48.0,72.0,12.0,12.0,0,0,6
56,13060N2,12.50547,13.01888,1328.21,0.618866,0.6748,104.0,176.0,16.0,0.0,0,0,16
57,13070N2,21.48075,21.71779,1079.62,0.626797,0.7082,60.0,108.0,24.0,36.0,0,0,0
58,13071N2,21.57151,21.64442,1035.94,0.653124,0.6832,96.0,120.0,12.0,12.0,0,0,0
59,13072N2,22.0541,22.20649,1080.85,0.595993,0.728,84.0,108.0,24.0,12.0,0,0,0
60,13073N2,21.15097,21.41233,1089.31,0.708258,0.6996,60.0,108.0,24.0,36.0,0,0,0
61,13074N2,19.92909,20.26056,1231.28,0.545583,0.7356,96.0,120.0,12.0,24.0,0,0,0
62,13075N2,15.27988,15.59333,1177.84,0.82531,0.64,36.0,72.0,12.0,12.0,0,0,0
63,13076N2,14.60213,14.90134,1155.15,1.01852,0.5878,24.0,72.0,12.0,12.0,0,0,0
64,13077N2,11.09827,11.4484,1272.97,0.960862,0.5898,42.0,72.0,18.0,24.0,0,0,0
65,13078N2,12.16293,12.50908,1313.81,0.939852,0.6012,48.0,72.0,12.0,30.0,0,0,0
66,13080N2,20.1802,20.43722,1116.54,0.650962,0.6644,60.0,168.0,24.0,0.0,0,0,0
67,13090N2,26.12562,26.31246,970.465,0.575112,0.7582,36.0,108.0,0.0,24.0,0,0,0
68,13100N2,20.79435,21.19983,1352.76,0.324166,0.8298,136.0,224.0,16.0,0.0,0,0,24
69,13101N2,9.40655,11.08993,2289.42,0.340148,0.8196,136.0,224.0,16.0,0.0,0,0,24
70,13110N2,11.30363,12.905,2230.95,0.537289,0.764,112.0,208.0,32.0,16.0,2,4,16
71,13120N2,13.41737,13.74602,1304.05,0.630497,0.6958,48.0,78.0,8.0,0.0,0,0,12
72,13121N2,21.38819,21.50268,1118.18,0.477811,0.76,144.0,228.0,16.0,0.0,0,0,36
73,13122N2,27.70121,27.83853,971.717,0.402122,0.795,102.0,156.0,2.0,0.0,0,0,24
74,13123N2,17.49977,17.88597,1180.53,0.584938,0.7152,60.0,114.0,20.0,0.0,0,0,12
75,13130N2,43.78181,43.9063,719.723,0.375995,0.8242,96.0,228.0,12.0,48.0,0,0,12
76,13140N2,7.57492,8.1834,1210.62,1.05262,0.5194,12.0,24.0,0.0,12.0,0,0,0
77,13141N2,14.57188,14.91096,1210.94,0.765949,0.636,24.0,48.0,0.0,12.0,0,0,0
78,13142N2,12.36425,12.71089,1167.92,0.917041,0.5954,12.0,36.0,0.0,12.0,0,0,0
79,13150N2,22.64663,22.85845,1051.65,0.594918,0.715,72.0,108.0,12.0,12.0,0,0,12
80,13160N2,19.04963,20.10144,1880.09,0.357515,0.8362,144.0,240.0,32.0,0.0,2,4,24
81,13161N2,17.92977,19.0418,1984.09,0.398037,0.83,112.0,240.0,32.0,0.0,2,4,16
82,13170N2,24.69244,25.51802,1817.89,0.309017,0.8588,100.0,192.0,32.0,16.0,0,0,8
83,13180N3,4.11429,5.37236,1257.35,1.0494,0.5106,32.0,50.0,8.0,8.0,0,0,8
84,13181N3,4.18956,5.27018,1377.22,0.978324,0.5508,32.0,48.0,8.0,8.0,0,0,8
85,13182N3,5.43904,6.14398,1172.86,1.05108,0.498,56.0,68.0,8.0,8.0,0,0,8
86,13190N2,11.74811,11.95992,1052.12,0.880317,0.5514,120.0,144.0,12.0,12.0,0,0,6
87,13191N2,19.89478,20.27141,1131.84,0.602487,0.694,144.0,180.0,12.0,12.0,0,0,12
88,14000N2,11.13457,11.56182,1458.1,0.68102,0.6438,24.0,36.0,12.0,0.0,0,0,0
89,14010N2,14.30169,14.5452,1340.36,0.628561,0.6948,84.0,148.0,8.0,0.0,0,0,16
90,14020N2,25.30476,25.68704,1306.84,0.509823,0.753,168.0,252.0,24.0,0.0,0,0,36
91,14030N2,41.07732,41.24391,760.11,0.385723,0.8058,144.0,264.0,24.0,24.0,0,0,12
92,14031N2,19.92386,20.1365,1423.91,0.451,0.7776,144.0,264.0,24.0,24.0,0,0,12
93,14040N2,34.23857,34.3671,872.794,0.391468,0.7952,144.0,180.0,24.0,24.0,0,0,12
94,14050N3,8.62197,13.26023,2092.64,0.394807,0.7944,60.0,78.0,0.0,0.0,0,0,0
95,14051N3,7.58301,13.27592,2087.41,0.470513,0.781,60.0,66.0,12.0,12.0,0,0,0
96,14060N2,18.12092,18.55947,1500.67,0.413466,0.7872,56.0,92.0,8.0,0.0,0,0,12
97,14070N2,23.15638,23.47129,1114.31,0.467273,0.7696,152.0,256.0,32.0,0.0,0,0,16
98,14071N2,22.66777,22.92074,1118.39,0.471385,0.7686,152.0,256.0,32.0,0.0,0,0,16
99,14072N2,20.98216,21.4664,1506.41,0.312968,0.8434,136.0,224.0,16.0,16.0,0,0,16
100,14073N2,19.93614,20.23652,1583.76,0.312968,0.854,136.0,224.0,16.0,16.0,0,0,16
101,14080N2,34.30932,34.47645,872.734,0.400887,0.8092,72.0,144.0,12.0,24.0,0,0,12
102,14090N2,25.47826,25.67443,1047.9,0.555688,0.756,72.0,108.0,24.0,12.0,0,0,12
103,14091N2,22.2758,22.52384,1137.41,0.554271,0.7332,76.0,120.0,12.0,12.0,0,0,12
104,14100N2,16.83337,17.12286,1294.31,0.521556,0.7086,48.0,72.0,12.0,0.0,0,0,6
105,15000N2,2.57163,3.56044,0.0,1.78335,0.2902,0.0,24.0,12.0,0.0,0,0,0
106,15010N2,19.1781,19.54624,1230.46,0.502473,0.7514,84.0,144.0,8.0,0.0,0,0,8
107,15020N2,23.07162,23.97144,1785.95,0.288664,0.8592,168.0,256.0,48.0,16.0,0,0,24
108,15021N2,21.57937,22.4952,1834.81,0.30371,0.8596,68.0,120.0,24.0,16.0,0,0,8
109,15030N2,18.38514,18.68522,1162.92,0.581115,0.7082,60.0,90.0,6.0,6.0,0,0,12
110,15031N2,24.58827,24.82664,1007.32,0.454279,0.777,72.0,126.0,6.0,12.0,0,0,12
111,15040N2,12.16224,12.30214,1315.74,0.758374,0.608,42.0,66.0,6.0,0.0,0,0,6
112,15050N2,9.89857,10.36567,1285.33,0.905532,0.6102,24.0,36.0,12.0,12.0,0,0,0
113,15060N2,14.43667,14.78901,1373.54,0.634104,0.6726,120.0,180.0,36.0,0.0,0,0,12
114,15061N2,16.83791,17.15189,1385.26,0.533999,0.7184,120.0,204.0,36.0,0.0,0,0,12
115,15070N2,29.1214,29.30552,919.976,0.430698,0.7838,96.0,144.0,12.0,12.0,0,0,12
116,15071N2,29.44973,29.61979,953.749,0.418586,0.7898,96.0,144.0,12.0,12.0,0,0,12
117,15072N2,17.39082,18.47163,1981.37,0.351193,0.8314,80.0,120.0,16.0,8.0,0,0,8
118,15080N2,9.25289,11.01506,2496.11,0.416852,0.7944,92.0,128.0,8.0,24.0,0,0,10
119,15081N2,17.48587,18.54616,1977.03,0.349547,0.834,152.0,240.0,32.0,16.0,0,0,16
120,15090N2,18.19731,19.24813,1982.91,0.351937,0.8284,152.0,240.0,32.0,16.0,0,0,16
121,15091N2,16.41473,17.5939,2097.17,0.375894,0.8132,192.0,256.0,32.0,16.0,0,0,16
122,15100N2,36.15712,36.31333,851.492,0.392046,0.8228,84.0,168.0,24.0,24.0,0,0,12
123,15101N2,21.92551,22.16326,1069.36,0.681698,0.7172,36.0,96.0,24.0,36.0,0,0,0
124,15110N2,29.11054,29.29451,957.222,0.480027,0.7648,48.0,132.0,0.0,24.0,0,0,6
125,15111N2,32.10371,32.25806,832.146,0.588294,0.727,96.0,228.0,0.0,24.0,0,0,6
126,15120N2,43.14098,43.26834,807.617,0.323453,0.8482,114.0,174.0,30.0,12.0,0,0,24
127,15130N2,29.18172,29.36548,946.73,0.478265,0.7698,48.0,132.0,0.0,24.0,0,0,6
128,15131N2,34.20786,34.37058,856.488,0.399337,0.8052,48.0,156.0,0.0,24.0,0,0,6
129,15140N2,32.11457,32.2827,887.494,0.363533,0.798,108.0,144.0,12.0,0.0,0,0,18
130,15150N2,14.44901,15.66522,2181.19,0.388869,0.8086,160.0,272.0,32.0,16.0,0,0,16
131,15160N2,6.49041,7.45342,773.549,0.980348,0.4896,114.0,102.0,6.0,6.0,0,0,0
132,15161N2,15.35482,15.85081,1125.63,0.612989,0.6706,138.0,138.0,6.0,0.0,0,0,6
133,15162N2,11.57319,12.01319,1293.02,0.770248,0.6324,42.0,66.0,6.0,6.0,0,0,6
134,15163N2,18.99947,19.28672,1139.98,0.538076,0.7208,66.0,102.0,6.0,0.0,0,0,12
135,15170N2,10.55954,10.81126,1295.61,0.806596,0.5862,108.0,204.0,12.0,0.0,0,0,18
136,15171N2,5.77254,7.56527,1855.04,0.676902,0.6468,84.0,132.0,12.0,0.0,0,0,18
137,15180N2,27.15264,27.37273,927.877,0.562421,0.771,64.0,168.0,24.0,32.0,2,2,8
138,15181N2,31.79613,31.97817,858.018,0.520358,0.7752,80.0,208.0,24.0,32.0,2,2,8
139,15182N2,28.45106,28.61691,927.388,0.546974,0.7716,56.0,152.0,24.0,32.0,2,2,8
140,15183N2,27.15264,27.37273,927.877,0.560685,0.7708,64.0,168.0,24.0,32.0,3,2,8
141,15184N2,31.79613,31.97817,858.018,0.518971,0.7748,80.0,208.0,24.0,32.0,3,2,8
142,15185N2,28.45106,28.61691,927.388,0.54517,0.7712,56.0,152.0,24.0,32.0,3,2,8
143,15186N2,44.50279,44.62581,713.105,0.363876,0.8386,84.0,204.0,12.0,48.0,0,0,12
144,15190N2,9.89857,10.36567,1451.67,0.89212,0.6106,12.0,36.0,12.0,12.0,0,0,0
145,15200N3,7.60329,8.20958,2762.23,0.55678,0.7584,32.0,60.0,8.0,16.0,0,0,0
146,15201N3,22.37925,26.5708,815.487,0.128813,0.9452,40.0,90.0,8.0,16.0,0,0,8
147,15202N3,10.5223,13.35449,1636.53,0.257625,0.8862,40.0,90.0,8.0,16.0,0,0,8
148,15210N2,22.06435,22.30023,1115.11,0.617226,0.7114,48.0,108.0,0.0,24.0,0,0,0
149,15211N2,21.04675,23.73244,1644.18,0.309959,0.8592,96.0,216.0,0.0,48.0,0,0,0
150,15220N2,10.72475,11.19018,1370.91,0.764041,0.632,30.0,60.0,12.0,0.0,0,0,6
151,15240N2,28.13916,28.40894,963.964,0.455936,0.7738,132.0,168.0,24.0,0.0,0,0,6
152,15241N2,9.19961,9.91917,2314.48,0.420398,0.7916,132.0,168.0,24.0,0.0,0,0,6
153,15242N2,14.94592,15.43792,1175.49,0.688967,0.6462,102.0,126.0,18.0,0.0,0,0,0
154,15243N2,4.99182,5.96509,2478.61,0.657098,0.6596,102.0,126.0,18.0,0.0,0,0,0
155,15250N2,23.28698,23.50203,1081.1,0.469734,0.7626,72.0,108.0,12.0,0.0,0,0,12
156,15251N2,22.70874,22.78767,1113.3,0.535897,0.7552,68.0,104.0,16.0,0.0,0,0,12
157,15252N2,22.49059,22.61732,1114.82,0.520862,0.757,64.0,100.0,20.0,0.0,0,0,12
158,15253N2,22.20325,22.44368,1111.69,0.515201,0.7534,60.0,96.0,24.0,0.0,0,0,12
159,16000N2,33.38092,33.55356,876.417,0.444588,0.788,72.0,192.0,0.0,24.0,0,0,0
160,16001N2,38.1313,38.28456,801.659,0.393051,0.813,72.0,216.0,0.0,24.0,0,0,0
161,16002N2,35.70086,35.8627,838.481,0.417252,0.7946,72.0,204.0,0.0,24.0,0,0,0
162,16010N2,13.94958,14.33808,1337.87,0.750297,0.6552,0.0,0.0,0.0,0.0,0,0,0
163,16011N2,29.15277,29.37192,963.745,0.422249,0.7966,0.0,0.0,0.0,0.0,0,0,12
164,16020N2,20.89314,21.2104,1189.02,0.557269,0.7462,0.0,0.0,0.0,0.0,0,0,0
165,16030N2,25.93049,26.13967,971.59,0.428418,0.7728,96.0,150.0,24.0,0.0,0,0,12
166,16031N2,20.59917,20.89927,1142.29,0.459652,0.7516,138.0,174.0,30.0,0.0,0,0,12
167,16032N2,21.78847,22.30685,1134.85,0.388373,0.8028,138.0,174.0,30.0,12.0,0,0,12
168,16040N2,6.64559,7.15556,1450.89,0.762552,0.6106,52.0,84.0,8.0,0.0,0,0,8
169,16041N2,12.71309,13.07656,1530.64,0.572642,0.7126,88.0,132.0,12.0,0.0,0,0,20
170,16050N2,14.72412,15.08117,1138.58,0.763077,0.671,40.0,104.0,20.0,16.0,3,2,2
171,16051N2,20.05163,20.15685,1080.93,0.606226,0.724,88.0,216.0,8.0,48.0,0,0,8
172,16052N2,24.96346,25.19248,989.522,0.536146,0.748,124.0,296.0,4.0,48.0,0,0,2
173,16053N2,24.69934,24.93805,987.867,0.515595,0.749,128.0,296.0,0.0,48.0,0,0,4
174,16054N2,19.84158,19.95912,1098.06,0.625073,0.7176,84.0,216.0,12.0,48.0,0,0,6
175,16055N2,21.69719,21.95248,1005.75,0.545051,0.7426,112.0,256.0,0.0,48.0,0,0,8
176,16056N2,22.47622,22.69839,993.538,0.538753,0.7538,0.0,0.0,0.0,0.0,0,0,2
177,16057N2,25.04365,25.10039,1003.47,0.581344,0.7332,76.0,216.0,4.0,48.0,0,0,2
178,16058N2,22.67603,22.92273,1068.93,0.606977,0.7276,44.0,116.0,8.0,24.0,0,0,0
179,16060N2,7.98521,9.86309,2262.45,0.526648,0.7296,200.0,244.0,16.0,16.0,0,0,32
180,16061N2,18.49772,23.03655,970.196,0.116104,0.9418,264.0,340.0,16.0,16.0,0,0,48
181,16070N2,16.65922,16.96964,1449.34,0.69272,0.6846,0.0,0.0,0.0,0.0,0,0,0
182,16080N2,16.57842,16.90398,1174.08,0.512828,0.7284,192.0,296.0,40.0,0.0,0,0,44
183,16081N2,15.93388,16.0767,1647.42,0.536196,0.723,192.0,296.0,40.0,0.0,0,0,44
184,16082N2,17.78249,18.08872,1114.6,0.482589,0.752,192.0,296.0,40.0,0.0,0,0,36
185,16083N2,15.75194,15.85858,1697.85,0.514777,0.733,192.0,296.0,40.0,0.0,0,0,36
186,16090N2,23.76481,24.00484,1103.98,0.458559,0.767,72.0,108.0,12.0,0.0,0,0,12
187,16100N2,18.21597,18.50904,1154.49,0.575807,0.7176,54.0,90.0,18.0,0.0,0,0,12
188,16110N3,16.03454,22.72268,1243.33,0.173311,0.9108,96.0,114.0,12.0,12.0,0,0,12
189,16111N3,14.26229,16.20544,1347.5,0.188331,0.8932,384.0,456.0,48.0,48.0,0,0,48
190,16112N3,15.93631,25.15287,1216.5,0.188209,0.9064,84.0,114.0,12.0,12.0,0,0,0
191,16113N3,14.24492,16.19063,1364.2,0.209078,0.8896,336.0,456.0,48.0,48.0,0,0,0
192,16120N2,15.75495,16.08953,1249.74,0.682814,0.6866,42.0,66.0,18.0,12.0,0,0,0
193,16121N2,16.01845,16.31523,1226.26,0.766045,0.6398,176.0,272.0,64.0,70.0,0,0,0
194,16130N3,22.10199,31.72634,895.263,0.146333,0.9322,72.0,171.0,0.0,24.0,3,4,12
195,16131N3,17.59779,20.9626,1036.91,0.16945,0.9168,288.0,684.0,0.0,96.0,3,16,48
196,16140N2,25.15091,25.66942,1292.42,0.467001,0.7762,168.0,252.0,24.0,24.0,0,0,36
197,16141N2,30.37003,30.56193,941.196,0.410772,0.8058,96.0,144.0,12.0,12.0,0,0,18
198,16142N2,30.95031,31.14894,951.097,0.374905,0.8142,96.0,144.0,12.0,0.0,0,0,18
199,16150N2,22.58169,22.84674,1088.07,0.522975,0.7524,72.0,120.0,12.0,12.0,0,0,0
200,16160N2,19.77275,20.05475,1132.1,0.644388,0.7092,48.0,108.0,24.0,12.0,0,0,8
201,16170N2,18.388,18.65543,1204.52,0.539708,0.7194,136.0,224.0,16.0,0.0,0,0,24
202,16171N2,17.18023,17.56245,1221.26,0.641115,0.699,104.0,224.0,16.0,0.0,0,0,16
203,16172N2,25.13758,25.3962,1071.65,0.430329,0.7702,168.0,288.0,16.0,0.0,0,0,32
204,16173N2,31.2943,31.48265,975.979,0.395166,0.8038,184.0,352.0,32.0,0.0,0,0,32
205,16174N2,27.16403,27.40816,989.082,0.39397,0.7898,232.0,368.0,16.0,16.0,0,0,32
206,16180C2,15.00037,15.2073,1373.55,0.583908,0.6982,112.0,144.0,4.0,16.0,0,0,0
207,16181C2,16.60404,17.20432,1415.06,0.5423,0.7256,80.0,136.0,0.0,16.0,0,0,0
208,16190N2,6.47937,9.35805,1714.53,0.626677,0.6534,156.0,240.0,28.0,0.0,0,0,24
209,16191N2,6.59713,9.08273,2213.57,0.563956,0.7038,204.0,312.0,28.0,0.0,0,0,36
210,16200N2,11.983,12.96834,1646.39,0.733503,0.706,48.0,72.0,12.0,48.0,0,0,0
211,16201N2,12.03827,12.95641,1528.26,0.596112,0.7514,48.0,72.0,12.0,30.0,0,0,0
212,16210N2,20.88364,21.14298,1127.38,0.691946,0.6848,48.0,120.0,24.0,24.0,0,0,0
213,16211N2,21.35282,21.60557,1057.73,0.73422,0.6802,48.0,120.0,24.0,36.0,0,0,0
214,16220N2,25.82277,26.053,1059.74,0.498003,0.7782,72.0,108.0,24.0,12.0,0,0,12
215,16230N2,11.93487,12.37,1249.13,0.792045,0.6312,36.0,60.0,12.0,6.0,0,0,6
216,16240C2,2.57751,3.29576,0.0,1.74887,0.3496,18.0,20.0,12.0,6.0,0,0,0
217,16241C2,2.75122,3.40843,0.0,1.52098,0.3566,18.0,20.0,12.0,6.0,0,0,0
218,16242C2,2.36465,3.11967,0.0,1.98653,0.3354,18.0,20.0,12.0,6.0,0,0,0
219,16250N3,21.57176,24.43912,999.382,0.139903,0.9336,84.0,138.0,8.0,0.0,0,0,16
220,16251N3,12.29168,13.46817,1999.28,0.279806,0.8634,168.0,276.0,16.0,0.0,0,0,32
221,16260N2,12.98444,13.527,697.591,0.758254,0.6256,180.0,144.0,24.0,24.0,0,0,0
222,16270N2,23.92011,24.32238,1285.0,0.52243,0.7388,168.0,252.0,24.0,0.0,0,0,36
223,16271N2,32.02224,32.3342,1125.93,0.438409,0.7866,216.0,324.0,24.0,0.0,0,0,48
224,16272N2,38.93275,39.21249,1030.73,0.355595,0.8206,264.0,396.0,24.0,0.0,0,0,60
225,16273N2,27.22939,27.58431,1244.5,0.52721,0.7606,144.0,252.0,24.0,0.0,0,0,24
226,16280C2,41.05854,41.11595,883.416,0.283668,0.8486,168.0,240.0,24.0,0.0,0,0,24
227,16290N3,2.39467,4.62745,0.0,1.17643,0.3946,384.0,608.0,64.0,0.0,0,0,64
228,16300N2,32.11652,32.27168,910.62,0.361341,0.7958,96.0,144.0,12.0,0.0,0,0,18
229,16310N2,7.60702,9.70729,3034.42,0.48852,0.7506,116.0,180.0,16.0,8.0,0,0,14
230,16311N2,8.67349,9.3168,2403.12,0.489988,0.757,108.0,172.0,24.0,8.0,0,0,14
231,16312N2,17.47396,18.55352,1926.51,0.338509,0.835,76.0,120.0,16.0,4.0,0,0,10
232,16320N2,22.64663,22.85845,1051.65,0.594918,0.715,72.0,108.0,12.0,12.0,0,0,12
233,16330N2,23.42859,23.65331,1120.14,0.477343,0.7578,72.0,108.0,12.0,0.0,0,0,12
234,16331N2,30.41534,30.60553,948.567,0.393362,0.807,84.0,132.0,24.0,0.0,0,0,18
235,16332N3,13.42157,17.51716,1411.5,0.275377,0.8802,64.0,120.0,16.0,32.0,0,0,0
236,16340N2,12.59264,14.05373,2021.26,0.497826,0.7728,104.0,176.0,32.0,16.0,0,0,16
237,16350N2,29.80285,29.99816,916.011,0.502317,0.7808,48.0,132.0,0.0,24.0,0,0,0
238,16351N2,23.24713,23.4697,1163.64,0.607177,0.725,96.0,156.0,0.0,36.0,0,0,0
239,16360N2,21.61542,21.85709,1183.01,0.53333,0.7408,54.0,90.0,18.0,12.0,0,0,12
240,16361N2,33.75087,33.91137,932.519,0.37311,0.81,84.0,132.0,24.0,12.0,0,0,18
241,16370N2,6.02452,6.73972,1250.75,1.03186,0.5238,12.0,24.0,12.0,0.0,0,0,0
242,16371N2,3.26705,4.26332,0.0,1.33308,0.353,36.0,72.0,12.0,0.0,0,0,0
243,16380N2,40.70376,40.84931,805.722,0.311083,0.8482,108.0,168.0,36.0,0.0,0,0,24
244,16381N2,31.02175,31.20946,940.396,0.384282,0.8096,96.0,144.0,12.0,0.0,0,0,18
245,16390N2,16.65965,17.83727,1949.82,0.39048,0.814,68.0,120.0,8.0,0.0,0,0,8
246,16400N2,26.57139,27.21938,1299.87,0.42372,0.7996,120.0,228.0,0.0,48.0,0,0,24
247,16410C2,10.03477,10.55425,1416.51,0.933073,0.5848,120.0,162.0,18.0,12.0,0,0,6
248,16411C2,10.03477,10.55425,1431.07,0.849852,0.589,120.0,162.0,18.0,12.0,0,0,6
249,16412C2,10.03477,10.55425,1457.14,0.819044,0.5998,120.0,162.0,18.0,12.0,0,0,6
250,16413C2,10.03477,10.55425,1395.28,1.02107,0.578,120.0,162.0,18.0,12.0,0,0,6
251,16420N2,16.60334,16.9452,1198.67,0.753397,0.6538,108.0,132.0,24.0,24.0,0,0,0
252,16430N2,11.31929,12.08106,2686.51,0.440988,0.7498,168.0,156.0,12.0,12.0,0,0,0
253,16440N2,27.31084,27.50664,983.304,0.416732,0.7836,120.0,156.0,12.0,12.0,0,0,12
254,16450N2,18.55205,20.44724,1509.03,0.361779,0.813,76.0,120.0,16.0,0.0,0,0,12
255,16460N2,29.22232,29.24907,942.681,0.433033,0.7856,168.0,264.0,48.0,24.0,0,0,24
256,16470N2,16.56473,16.88904,1156.36,0.636449,0.671,60.0,96.0,0.0,0.0,0,0,12
257,16480N2,18.22152,18.52304,1162.33,0.567406,0.7236,54.0,90.0,18.0,0.0,0,0,12
258,16481N2,17.15,17.87385,1209.86,0.593558,0.709,54.0,90.0,18.0,0.0,0,0,12
259,16490N2,9.77527,10.27456,1353.02,0.917615,0.6216,72.0,72.0,36.0,0.0,0,0,12
260,16500N2,11.68187,12.07235,1528.31,0.92111,0.6048,24.0,72.0,36.0,0.0,0,0,0
261,16510N2,9.11511,9.87643,1412.68,0.747046,0.6244,84.0,144.0,24.0,0.0,0,0,18
262,17000N2,21.04411,21.9809,1900.57,0.390254,0.8104,168.0,368.0,32.0,32.0,0,0,16
263,17010N2,18.74254,19.03739,1147.61,0.538185,0.7256,66.0,102.0,6.0,0.0,0,0,12
264,17020N2,22.16929,22.4178,1070.23,0.530409,0.7492,60.0,96.0,24.0,12.0,0,0,0
265,17030N2,31.61204,31.79267,910.8,0.41393,0.7892,96.0,144.0,12.0,12.0,0,0,18
266,17040N2,12.51715,12.95632,1233.04,0.736546,0.6312,208.0,352.0,32.0,0.0,0,0,32
267,17050N2,24.59168,24.86396,1096.63,0.4697,0.764,120.0,156.0,12.0,0.0,0,0,12
268,17060N2,11.06227,11.37505,1361.54,0.748248,0.614,156.0,252.0,28.0,0.0,0,0,36
269,17061N2,7.25612,7.88207,1229.25,0.933326,0.5162,108.0,180.0,28.0,0.0,0,0,24
270,17070N2,29.06389,29.23932,958.867,0.46773,0.7944,84.0,132.0,24.0,12.0,0,0,12
271,17080C2,14.32288,14.92983,1358.03,0.870877,0.688,120.0,172.0,16.0,0.0,0,0,60
272,17090N3,8.10818,8.32513,1406.69,0.730299,0.6088,144.0,212.0,16.0,0.0,0,0,32
273,17091N3,3.53037,4.66112,711.773,0.993446,0.4846,128.0,196.0,32.0,0.0,0,0,16
274,17100N2,29.13679,29.31086,924.428,0.523006,0.7626,60.0,144.0,24.0,24.0,0,0,12
275,17110N2,25.36984,25.71565,1259.41,0.35903,0.8004,192.0,192.0,12.0,12.0,0,0,0
276,17120N2,1.78729,5.44216,0.0,0.866637,0.5316,60.0,42.0,24.0,0.0,0,0,0
277,17130N2,36.3538,36.55572,899.406,0.438993,0.7694,360.0,552.0,48.0,0.0,0,0,48
278,17131N2,27.82019,28.02716,983.559,0.581978,0.694,264.0,408.0,48.0,0.0,0,0,24
279,17140N2,19.60984,19.89057,1156.62,0.517896,0.7326,72.0,114.0,12.0,0.0,0,0,16
280,17150N2,25.51861,25.62212,1004.47,0.493129,0.7434,138.0,166.0,14.0,14.0,0,0,12
281,17151N2,24.38006,24.50352,1010.82,0.510773,0.7366,134.0,166.0,14.0,18.0,0,0,12
282,17152N2,23.23814,23.3108,1021.22,0.516977,0.7356,138.0,168.0,14.0,18.0,0,0,12
283,17153N2,23.9675,24.14078,997.327,0.518329,0.7294,152.0,174.0,16.0,14.0,0,0,12
284,17154N2,20.81746,20.947,928.896,0.615241,0.6802,188.0,196.0,16.0,24.0,0,0,12
285,17155N2,19.26829,19.382,947.74,0.632277,0.6752,188.0,200.0,16.0,32.0,0,0,12
286,17156N2,4.91751,5.56789,892.628,1.0499,0.471,294.0,306.0,24.0,48.0,0,0,23
287,17160N3,18.71003,21.8567,1083.71,0.165781,0.9156,88.0,146.0,16.0,0.0,2,2,16
288,17161N3,13.64478,16.46047,1942.66,0.331563,0.8354,176.0,292.0,32.0,0.0,2,4,32
289,17162N3,18.64203,21.69652,1089.65,0.155274,0.915,92.0,150.0,12.0,0.0,0,0,16
290,17163N3,13.66038,16.30857,1918.23,0.310547,0.8332,184.0,300.0,24.0,0.0,0,0,32
291,17170N2,11.50736,11.99864,1295.38,0.716186,0.6338,42.0,66.0,6.0,2.0,0,0,6
292,17180N2,12.65155,13.08541,1333.85,0.526629,0.7328,0.0,0.0,0.0,0.0,0,0,12
293,17181N2,20.57924,20.9203,1281.88,0.492864,0.7646,96.0,96.0,24.0,24.0,0,0,0
294,17190N2,16.26602,16.67363,1237.37,0.560084,0.6938,60.0,90.0,8.0,0.0,0,0,12
295,17191N2,14.96924,15.41149,1286.82,0.632066,0.67,54.0,78.0,10.0,0.0,0,0,12
296,17200C3,2.03417,3.59555,0.0,1.41616,0.4108,144.0,208.0,48.0,0.0,1,8,16
297,17210N2,17.09611,17.39366,1148.48,0.650728,0.6798,48.0,96.0,12.0,6.0,0,0,12
298,17220N2,21.85306,22.19192,1303.95,0.483209,0.741,168.0,180.0,12.0,12.0,0,0,12
299,17230N2,9.49049,9.80037,1180.49,0.819474,0.581,88.0,132.0,16.0,0.0,0,0,18
300,17240N3,25.41101,25.60327,1053.56,0.428917,0.7668,120.0,168.0,12.0,0.0,0,0,12
301,17250N2,22.98007,23.09949,1112.69,0.473356,0.7724,60.0,96.0,24.0,0.0,0,0,0
302,18000C3,2.62733,4.01679,0.0,0.980967,0.527,48.0,144.0,0.0,48.0,0,0,0
303,18001C3,3.21647,4.36436,0.0,1.01173,0.5146,48.0,144.0,0.0,48.0,0,0,0
304,18010N3,5.02763,5.77387,1286.45,0.831566,0.5722,92.0,120.0,8.0,8.0,0,0,16
305,18011N3,5.05599,5.65179,715.176,0.889865,0.5542,92.0,120.0,8.0,16.0,0,0,16
306,18020N3,14.36485,17.5734,1271.3,0.156205,0.9184,80.0,100.0,8.0,0.0,0,0,12
307,18021N3,9.80173,12.96805,2644.26,0.351674,0.8258,80.0,100.0,8.0,0.0,0,0,24
308,18022N3,9.67446,10.16733,2168.83,0.467019,0.7566,80.0,100.0,8.0,0.0,0,0,12
309,18023N3,9.65747,11.09613,1563.25,0.621838,0.675,80.0,100.0,8.0,0.0,0,0,12
310,18030N2,7.16577,7.81506,1539.32,0.764414,0.6,72.0,112.0,8.0,0.0,0,0,16
311,18031N2,10.85254,11.6937,1535.91,0.650729,0.6612,224.0,344.0,16.0,16.0,0,0,48
312,18032N2,15.87436,16.28451,1383.21,0.589329,0.6808,224.0,328.0,16.0,0.0,0,0,48
313,18033N2,15.50715,15.91973,1479.7,0.509455,0.7288,240.0,328.0,32.0,0.0,0,0,48
314,18040N3,6.35265,7.06143,1640.56,0.766111,0.6002,144.0,212.0,16.0,16.0,0,0,16
315,18041N3,4.31835,4.77581,499.802,1.11611,0.4478,208.0,276.0,16.0,64.0,0,0,16
316,18050N2,27.09127,27.26495,1001.8,0.42524,0.7814,120.0,156.0,12.0,12.0,0,0,12
317,18060N2,15.42821,15.65893,1479.48,0.740757,0.6172,132.0,120.0,24.0,24.0,0,0,0
318,18061N2,16.94754,17.10874,1002.63,0.735392,0.6312,108.0,120.0,24.0,24.0,0,0,0
319,18070N2,16.82414,17.17805,1394.88,0.776836,0.6038,204.0,276.0,24.0,24.0,0,0,12
320,18080N2,20.3011,20.75693,1147.86,0.495478,0.7622,144.0,240.0,32.0,0.0,1,4,32
321,18081N2,18.44249,18.72632,1205.56,0.606696,0.7272,112.0,240.0,32.0,0.0,1,4,16
322,18082N2,18.58824,19.04427,1203.44,0.52829,0.742,136.0,240.0,32.0,0.0,1,4,16
323,18083N2,17.98332,18.16021,1339.54,0.549072,0.7312,176.0,256.0,32.0,16.0,1,4,16
324,18090N2,24.69607,24.82011,949.165,0.452534,0.7688,120.0,240.0,0.0,24.0,0,0,12
325,18091N2,10.72445,11.35726,2727.53,0.480086,0.758,240.0,480.0,0.0,48.0,0,0,24
326,18100N2,32.98954,33.17197,918.882,0.352868,0.8164,72.0,132.0,12.0,12.0,0,0,12
327,18101N2,28.26931,28.47879,1016.3,0.41945,0.7826,72.0,120.0,12.0,12.0,0,0,12
328,18110N2,16.15375,16.51788,1213.62,0.687086,0.6636,136.0,224.0,16.0,0.0,0,0,24
329,18111N2,17.28794,17.6262,1189.6,0.725925,0.6778,104.0,224.0,16.0,0.0,0,0,16
330,18112N2,16.60555,16.94837,1204.94,0.737921,0.676,104.0,224.0,16.0,16.0,0,0,16
331,18120N3,6.98122,7.53693,2009.28,0.493027,0.716,112.0,160.0,16.0,0.0,0,0,20
332,18121N3,6.06486,6.13559,1019.51,0.933924,0.495,144.0,212.0,16.0,0.0,0,0,32
333,18122N3,7.82122,8.03432,1188.47,0.829418,0.5534,176.0,260.0,16.0,0.0,0,0,40
334,18130N3,8.9372,9.07194,1519.94,0.733931,0.6298,112.0,164.0,16.0,0.0,0,0,24
335,18131N3,4.09217,4.35137,566.262,1.1151,0.431,112.0,164.0,16.0,0.0,0,0,24
336,18132N3,8.87995,8.97859,1510.42,0.735312,0.6202,112.0,164.0,16.0,0.0,0,0,24
337,18133N3,7.14934,8.65257,1869.76,0.619925,0.6912,216.0,318.0,24.0,0.0,0,0,48
338,18134N3,13.19498,13.6119,1551.14,0.54766,0.7216,86.0,134.0,16.0,0.0,0,0,14
339,18140N2,17.97835,18.52351,1321.87,0.40444,0.787,72.0,96.0,8.0,0.0,0,0,12
340,18141N2,19.51385,19.79874,1181.92,0.441063,0.766,78.0,108.0,6.0,0.0,0,0,12
341,18142N3,27.77247,30.32292,1055.52,0.141689,0.918,108.0,162.0,16.0,0.0,0,0,24
342,18143N3,30.43642,35.0199,892.832,0.109984,0.9394,120.0,186.0,12.0,0.0,0,0,22
343,18150N2,13.45082,13.78326,1297.05,0.92742,0.621,22.0,72.0,12.0,12.0,0,0,0
344,18151N2,21.77837,22.00137,1072.28,0.648722,0.7076,48.0,108.0,12.0,12.0,0,0,0
345,18160N2,18.59478,18.87398,1149.74,0.57606,0.7164,54.0,90.0,18.0,0.0,0,0,12
346,18161N2,16.56702,16.89116,1192.86,0.716559,0.688,42.0,90.0,18.0,0.0,0,0,6
347,19000N3,16.64848,19.29611,1298.35,0.207045,0.8974,64.0,88.0,8.0,0.0,0,0,8
348,19001N3,6.25088,8.81151,2625.06,0.422471,0.7962,64.0,88.0,8.0,0.0,0,0,8
349,19002N3,20.28649,23.97998,975.024,0.140829,0.9302,72.0,118.0,8.0,0.0,0,0,16
350,19003N3,8.93489,11.12571,1965.91,0.288804,0.861,72.0,118.0,8.0,0.0,0,0,16
351,19010N2,10.66013,10.97505,1281.29,0.802361,0.5982,168.0,296.0,32.0,0.0,0,0,32
352,19020N3,8.93284,11.92097,2032.8,0.303867,0.8542,96.0,164.0,16.0,16.0,0,0,0
353,19021N3,2.05596,3.18411,0.0,1.34656,0.345,96.0,164.0,16.0,16.0,0,0,0
354,19022N3,8.27158,10.98008,2240.86,0.343281,0.8366,96.0,164.0,16.0,16.0,0,0,0
355,19023N3,1.91698,3.53582,0.0,1.39534,0.3434,96.0,164.0,16.0,16.0,0,0,0
356,19030N2,10.63601,10.855,1461.68,0.724467,0.6584,90.0,126.0,36.0,24.0,0,0,0
357,19031N2,7.55574,8.57775,2015.59,0.724467,0.66,90.0,126.0,36.0,24.0,0,0,0
358,19040N2,13.32415,13.81042,1302.4,0.716222,0.6686,120.0,224.0,16.0,24.0,4,8,16
359,19041N2,24.87317,25.07646,1049.36,0.501009,0.7736,72.0,132.0,24.0,18.0,4,6,12
360,19050N2,33.50221,33.67402,912.983,0.404282,0.811,60.0,132.0,24.0,0.0,0,0,12
361,19051N2,34.29511,34.45228,881.759,0.383975,0.815,60.0,144.0,24.0,0.0,0,0,12
362,19060N2,15.43355,15.65803,1199.98,0.583835,0.6972,0.0,0.0,0.0,0.0,0,0,12
363,19061N2,16.14031,16.249,1190.16,0.560777,0.704,84.0,112.0,8.0,2.0,0,0,12
364,19070N2,28.64974,28.83691,1018.63,0.511162,0.7654,72.0,132.0,36.0,12.0,0,0,12
365,19071N2,9.66512,10.34676,2704.34,0.517673,0.7688,72.0,132.0,36.0,12.0,0,0,12
366,19072N2,7.36122,8.10224,2714.51,0.511212,0.767,108.0,198.0,54.0,18.0,0,0,18
367,19080N2,17.37251,17.70188,1314.25,0.62246,0.702,84.0,96.0,24.0,24.0,0,0,0
368,19090N2,28.4495,28.64646,953.488,0.471219,0.7862,60.0,132.0,24.0,12.0,0,0,12
369,19100N2,6.42036,7.12861,1816.34,0.852919,0.6278,24.0,120.0,0.0,24.0,0,0,0
370,19101N2,18.02008,18.31073,1125.92,0.754903,0.675,36.0,108.0,0.0,24.0,0,0,0
371,19102N2,23.59441,23.82296,1017.93,0.578502,0.728,60.0,144.0,24.0,0.0,0,0,0
372,19103N2,8.83148,9.37055,2012.6,0.610698,0.7152,60.0,144.0,24.0,0.0,0,0,0
373,19110N2,27.10618,27.3279,990.662,0.408741,0.793,84.0,132.0,24.0,12.0,0,0,12
374,19120N2,23.09476,23.32644,1081.34,0.520492,0.7608,60.0,84.0,24.0,24.0,0,0,0
375,19121N2,9.48852,9.96278,2268.51,0.55408,0.7446,60.0,84.0,24.0,24.0,0,0,0
376,19122N2,20.62443,20.86928,1181.7,0.54025,0.7372,84.0,96.0,24.0,24.0,0,0,0
377,19123N2,7.19661,7.78938,1557.43,0.619941,0.6918,84.0,96.0,24.0,24.0,0,0,0
378,19130N2,19.07436,19.47106,1148.33,0.574802,0.7164,152.0,272.0,32.0,0.0,0,0,32
379,19140N2,13.66316,14.0117,1358.71,0.910414,0.6104,24.0,120.0,12.0,24.0,0,0,0
380,19141N2,5.84969,6.07633,1765.15,0.948156,0.6018,0.0,120.0,12.0,24.0,0,0,0
381,19142N2,25.54261,25.76234,952.211,0.582433,0.7428,48.0,156.0,0.0,36.0,0,0,0
382,19143N2,11.10758,11.37884,1957.33,0.638185,0.717,48.0,156.0,0.0,36.0,0,0,0
383,19144N2,14.06447,14.40865,1191.71,1.00926,0.579,36.0,120.0,0.0,48.0,0,0,0
384,19145N2,14.17649,14.51615,1217.52,0.917661,0.5946,48.0,120.0,12.0,24.0,0,0,0
385,19150N2,4.45148,5.22249,1029.68,1.25415,0.4524,12.0,24.0,12.0,6.0,0,0,0
386,19160C2,11.73781,12.37141,1227.56,0.957877,0.557,42.0,72.0,12.0,30.0,0,0,0
387,19170N2,28.06533,28.19438,965.599,0.659458,0.6912,252.0,252.0,12.0,36.0,0,0,0
388,19180N2,30.67805,30.87196,1013.85,0.41863,0.814,84.0,132.0,24.0,12.0,0,0,18
389,19181N2,25.49386,25.68521,1111.8,0.521754,0.7606,60.0,96.0,24.0,12.0,0,0,12
390,19182N2,38.66104,38.83476,879.286,0.329164,0.8514,96.0,144.0,36.0,24.0,0,0,18
391,19190N2,11.38463,11.88222,1877.75,0.574363,0.7168,224.0,312.0,16.0,16.0,0,0,16
392,19191N2,5.8438,6.09493,1178.79,0.829693,0.5564,486.0,486.0,18.0,18.0,0,0,0
393,19200N2,8.45677,9.19121,2766.73,0.505368,0.739,72.0,108.0,12.0,0.0,0,0,12
394,19210N2,27.52417,27.59709,1021.15,0.406917,0.7916,120.0,162.0,24.0,0.0,0,0,12
395,19211C2,27.47143,27.57963,1025.43,0.420629,0.7768,114.0,162.0,24.0,0.0,0,0,12
396,19212N2,25.80375,26.09972,1051.38,0.412655,0.7864,132.0,168.0,24.0,0.0,0,0,12
397,19213C2,26.03909,26.32865,1033.28,0.421798,0.7674,126.0,168.0,24.0,0.0,0,0,12
398,19214N2,24.59507,24.8972,1068.39,0.459412,0.781,114.0,168.0,24.0,0.0,0,0,12
399,19215C2,24.81643,25.11446,1042.93,0.468225,0.7702,108.0,168.0,24.0,0.0,0,0,12
400,19220N2,37.37679,37.58462,876.676,0.300469,0.8514,108.0,180.0,12.0,0.0,0,0,24
401,19230N2,18.75752,18.893,1134.13,0.50258,0.7434,232.0,344.0,32.0,8.0,0,0,32
402,19231N2,10.67044,11.56769,1888.51,0.537007,0.7246,232.0,344.0,32.0,8.0,0,0,32
403,19240N3,5.47654,5.86904,587.296,0.865448,0.5404,152.0,236.0,16.0,0.0,0,0,32
404,19241N3,4.7741,5.14503,567.52,0.871072,0.507,168.0,244.0,16.0,0.0,0,0,32
405,19242N3,5.17279,5.49367,560.815,0.949397,0.5172,144.0,236.0,16.0,0.0,0,0,32
406,19250N3,6.74297,7.22911,1599.16,0.714266,0.646,352.0,448.0,32.0,32.0,0,0,32
407,19251N3,6.39394,6.87672,1601.4,0.787731,0.6552,320.0,448.0,32.0,32.0,5,16,32
408,19252N3,6.50235,6.99064,1525.37,0.746991,0.6188,352.0,456.0,32.0,32.0,0,0,32
409,19253N3,6.44929,7.3388,1393.31,0.838706,0.6208,320.0,456.0,32.0,32.0,5,16,32
410,19260N2,10.84179,11.16368,1219.42,0.781933,0.5952,36.0,68.0,12.0,0.0,0,0,6
411,19270N2,15.16595,15.40875,1318.65,0.615922,0.702,88.0,156.0,16.0,0.0,5,2,16
412,19271N2,6.14233,8.23258,2086.55,0.653353,0.688,88.0,156.0,16.0,0.0,5,2,16
413,19280N2,26.18813,26.44235,1270.06,0.54299,0.7182,264.0,348.0,24.0,24.0,0,0,24
414,19281N2,29.37082,29.55916,1119.2,0.533802,0.7236,216.0,324.0,24.0,24.0,0,0,24
415,19282N2,30.23816,30.44752,1099.61,0.537064,0.725,216.0,348.0,24.0,48.0,0,0,24
416,19283N2,28.04963,28.3007,1164.92,0.597348,0.721,216.0,348.0,24.0,24.0,0,0,24
417,19290N2,17.14271,17.43403,1516.15,0.612692,0.7002,360.0,564.0,36.0,0.0,0,0,72
418,19291N2,7.80928,8.40723,1593.18,0.678609,0.643,120.0,192.0,12.0,0.0,0,0,24
419,19292N2,17.26877,17.40725,1602.07,0.580577,0.7014,344.0,532.0,32.0,4.0,0,0,68
420,19300N2,15.08861,15.47802,1386.65,0.62521,0.6998,48.0,72.0,12.0,0.0,0,0,6
421,19301N2,8.07338,8.63965,1405.57,0.826938,0.5724,0.0,0.0,0.0,0.0,0,0,6
422,19310N2,17.97886,18.10869,1184.95,0.534694,0.7184,152.0,232.0,16.0,0.0,0,0,28
423,19311N2,17.62098,17.92967,1211.65,0.540706,0.723,128.0,208.0,40.0,0.0,0,0,12
424,19320C2,17.18551,17.48344,895.326,0.906931,0.516,228.0,228.0,36.0,0.0,0,0,12
425,19330N2,33.41699,33.52491,1053.84,0.524054,0.7408,192.0,324.0,24.0,0.0,0,0,24
426,19340N2,14.95,15.27488,1327.93,0.664991,0.6734,48.0,72.0,12.0,0.0,0,0,6
427,19341N2,9.59196,10.08199,1319.03,0.83812,0.578,42.0,66.0,6.0,0.0,0,0,6
428,19350N2,11.29339,11.47456,1307.1,0.754705,0.628,96.0,168.0,8.0,0.0,0,0,16
429,19351N2,24.55797,24.79884,1042.43,0.596792,0.6908,120.0,216.0,12.0,0.0,0,0,24
430,19352N2,24.23277,24.40536,1217.18,0.605788,0.6802,144.0,276.0,12.0,0.0,0,0,24
431,19353N2,13.25875,13.44179,1318.43,0.651469,0.6636,96.0,184.0,8.0,0.0,0,0,16
432,19360N2,27.47121,27.67707,988.315,0.478197,0.7882,96.0,144.0,12.0,0.0,0,0,18
433,19361N2,33.04876,33.24253,897.139,0.38916,0.8172,84.0,144.0,12.0,0.0,0,0,12
434,19362N2,36.55998,36.72689,832.902,0.373694,0.8274,96.0,168.0,12.0,0.0,0,0,12
435,19363N2,33.43122,33.62292,901.646,0.408946,0.8234,120.0,180.0,12.0,12.0,0,0,12
436,19364N2,31.51616,31.72995,995.556,0.41142,0.8168,144.0,192.0,12.0,12.0,0,0,12
437,19365N2,28.21263,28.46183,1052.27,0.460051,0.7976,168.0,204.0,12.0,12.0,0,0,12
438,19366N2,35.03437,35.1986,853.181,0.385817,0.814,120.0,204.0,12.0,0.0,0,0,12
439,19370N2,10.64479,10.83136,1504.07,0.662465,0.6508,140.0,148.0,16.0,0.0,0,0,16
440,19380N2,18.07182,18.53359,1175.34,0.569857,0.7172,144.0,232.0,24.0,0.0,0,0,24
441,19390N2,15.59844,15.94271,1230.05,0.673576,0.6844,48.0,72.0,12.0,8.0,0,0,6
442,19400N3,12.10114,14.32155,1626.62,0.316997,0.8792,80.0,116.0,16.0,0.0,0,0,48
443,19401N3,7.64416,11.5101,2322.67,0.30788,0.844,40.0,58.0,8.0,0.0,0,0,8
444,19402N3,5.7532,6.34336,3483.0,0.46182,0.773,80.0,116.0,16.0,0.0,0,0,16
445,19403N3,4.72002,7.67734,1771.22,0.61576,0.6828,40.0,58.0,8.0,0.0,0,0,8
446,19404N3,5.64925,5.87881,1254.6,0.769703,0.5902,80.0,116.0,16.0,0.0,0,0,16
447,19410N2,35.57283,35.72923,992.199,0.502437,0.7472,216.0,360.0,24.0,0.0,0,0,36
448,19411N2,36.03691,36.19593,1011.35,0.522701,0.7528,240.0,408.0,24.0,0.0,0,0,24
449,19412N2,39.18987,39.33515,973.357,0.51285,0.7574,264.0,480.0,24.0,0.0,0,0,24
450,19413N2,32.14472,32.32912,912.049,0.426492,0.8138,72.0,132.0,24.0,0.0,0,0,12
451,19420N3,19.1946,20.52716,1410.19,0.231505,0.8796,256.0,360.0,32.0,0.0,0,0,32
452,19421N3,26.28184,28.07964,1028.1,0.152124,0.9212,320.0,456.0,32.0,0.0,0,0,48
453,19430N2,16.8155,17.18126,1246.94,0.629044,0.7,128.0,224.0,16.0,0.0,0,0,24
454,19431N2,12.34923,12.86042,1272.2,0.796818,0.6194,96.0,168.0,8.0,0.0,0,0,16
455,19440N2,3.91667,4.84433,682.646,1.26899,0.3886,104.0,160.0,32.0,0.0,2,2,0
456,19441N2,3.9633,4.88517,701.108,1.26432,0.3928,104.0,160.0,32.0,0.0,5,2,0
457,19450N2,33.52054,33.69974,844.24,0.373701,0.8008,222.0,258.0,30.0,6.0,0,0,24
458,19451N2,33.58969,33.81681,879.001,0.354589,0.8032,210.0,276.0,30.0,6.0,0,0,30
459,19452N2,28.93731,29.19112,909.556,0.356418,0.803,198.0,276.0,30.0,6.0,0,0,24
460,19453N2,33.7988,34.04024,857.842,0.330288,0.817,240.0,264.0,36.0,0.0,0,0,24
461,19454N2,31.63849,31.97438,946.676,0.322607,0.823,0.0,0.0,0.0,0.0,0,0,24
462,19455N2,33.56429,33.98261,906.294,0.23879,0.8596,210.0,258.0,30.0,0.0,0,0,24
463,19456N2,31.42561,31.68333,892.813,0.347252,0.8056,240.0,270.0,36.0,0.0,0,0,36
464,19460N2,16.09771,16.4355,1206.0,0.619785,0.6876,48.0,72.0,12.0,6.0,0,0,6
465,19461N2,5.54899,6.39554,2097.06,0.694444,0.6434,48.0,72.0,12.0,6.0,0,0,6
466,19462N2,19.45091,19.7347,1160.62,0.554043,0.7266,60.0,84.0,12.0,12.0,0,0,6
467,19463N2,7.46928,8.1264,2461.05,0.596402,0.6978,60.0,84.0,12.0,12.0,0,0,6
468,19464N2,21.24083,21.51492,1129.37,0.51612,0.7404,96.0,108.0,12.0,12.0,0,0,0
469,19465N2,8.76972,9.13682,1765.25,0.568308,0.705,96.0,108.0,12.0,12.0,0,0,0
470,19466N2,29.02234,29.22245,965.828,0.477852,0.7694,0.0,0.0,0.0,0.0,0,0,0
471,19467N2,9.87273,10.35833,2006.92,0.508757,0.7374,132.0,144.0,12.0,24.0,0,0,0
472,19470N2,31.32681,31.50293,1104.36,0.511426,0.7326,408.0,636.0,72.0,0.0,0,0,72
473,19471N2,9.73082,11.35144,2307.87,0.542931,0.7206,408.0,636.0,72.0,0.0,0,0,72
474,19480N2,22.03293,22.62047,1249.79,0.488964,0.7292,204.0,252.0,24.0,0.0,0,0,12
475,19481N2,16.07794,16.63866,1358.49,0.702418,0.6414,192.0,252.0,24.0,0.0,0,0,0
476,19482N2,13.95697,14.41536,1433.44,0.700732,0.6424,192.0,246.0,30.0,0.0,0,0,6
477,19483N2,10.93792,11.44646,1124.54,0.893813,0.5126,156.0,180.0,24.0,0.0,0,0,0
478,19490N2,9.62787,9.88561,1410.64,0.681481,0.6402,92.0,148.0,12.0,0.0,0,0,18
479,19491N2,11.69722,12.12428,1476.37,0.570357,0.6926,112.0,168.0,12.0,0.0,0,0,26
480,19500N2,33.29033,33.50006,922.499,0.400438,0.8198,108.0,180.0,24.0,24.0,0,0,12
481,19510N2,38.64294,38.80846,835.231,0.315673,0.8452,108.0,156.0,24.0,12.0,0,0,18
482,19511N2,22.86417,23.11543,1098.6,0.477275,0.7636,72.0,108.0,12.0,6.0,0,0,12
483,19520N2,19.51272,19.71899,1154.87,0.457703,0.762,156.0,180.0,12.0,24.0,0,0,12
484,19521N2,16.31454,16.86471,1261.98,0.486115,0.7438,180.0,192.0,12.0,30.0,0,0,12
485,19522N2,13.20257,13.63704,1332.98,0.568271,0.7012,204.0,204.0,12.0,36.0,0,0,12
486,19530N2,27.64987,27.86404,1001.49,0.389822,0.7892,104.0,152.0,12.0,0.0,0,0,16
487,19531N2,34.80543,35.06104,1059.16,0.200938,0.8956,120.0,176.0,12.0,0.0,0,0,20
488,19540N2,22.98354,23.24133,1160.57,0.770136,0.6698,144.0,252.0,24.0,0.0,0,0,12
489,19541N2,31.34458,31.58439,1089.09,0.492255,0.7546,192.0,324.0,24.0,0.0,0,0,24
490,19542N2,27.41789,27.65854,1124.52,0.662891,0.7218,120.0,240.0,36.0,0.0,0,0,0
491,19550N2,19.15539,19.29454,1090.92,0.59689,0.6954,84.0,128.0,16.0,0.0,0,0,8
492,19560N2,21.77168,21.86424,1277.73,0.479614,0.7452,168.0,180.0,12.0,12.0,0,0,12
493,19570N2,17.93011,18.27023,1156.67,0.579217,0.7,120.0,200.0,24.0,0.0,0,0,24
494,19571N2,18.4708,18.62708,1171.53,0.566886,0.7038,120.0,200.0,24.0,0.0,0,0,12
495,19572N2,16.13144,16.26354,1285.59,0.609996,0.69,156.0,256.0,28.0,0.0,0,0,28
496,19573N2,16.20616,16.4295,1310.56,0.611617,0.6848,156.0,256.0,28.0,0.0,0,0,16
497,20000N2,20.16798,20.51653,1409.29,0.455957,0.7778,152.0,232.0,32.0,0.0,0,0,32
498,20010N2,35.95564,36.14446,1123.71,0.516564,0.7964,264.0,420.0,24.0,48.0,0,0,0
499,20020N2,23.43235,23.6513,1059.36,0.574768,0.725,60.0,120.0,12.0,24.0,0,0,0
500,20021N2,23.22804,23.45923,1074.69,0.54045,0.7412,60.0,108.0,24.0,12.0,0,0,0
501,20030N2,17.55312,17.87167,924.92,0.772632,0.6062,228.0,240.0,48.0,60.0,0,0,0
502,20031N2,15.64103,16.09988,1031.55,0.799548,0.5888,228.0,264.0,48.0,60.0,0,0,0
503,20040N2,19.25409,20.34648,1641.54,0.357519,0.8198,128.0,196.0,28.0,0.0,0,0,18
504,20050N2,26.02613,26.26799,1017.69,0.48873,0.7722,184.0,304.0,32.0,16.0,0,0,32
505,20051N2,26.02613,26.26799,1018.86,0.51313,0.7708,176.0,304.0,32.0,16.0,3,4,32
506,20052N2,26.02613,26.26799,1018.86,0.515219,0.7714,176.0,304.0,32.0,16.0,2,4,32
507,20060C2,13.70139,14.52869,1457.05,0.595649,0.7254,42.0,72.0,12.0,24.0,0,0,0
508,20070N2,19.71982,20.02412,1203.7,0.604538,0.7308,42.0,60.0,6.0,0.0,0,0,10
509,20080N2,24.29856,24.42986,1021.5,0.621508,0.728,60.0,120.0,16.0,24.0,0,0,0
510,20090N2,15.30411,15.58162,1330.21,0.611145,0.6818,112.0,176.0,16.0,0.0,0,0,22
511,20091N2,15.0233,15.15651,1293.76,0.615988,0.6894,104.0,180.0,16.0,8.0,0,0,20
512,20100C3,50.91801,50.96214,660.524,0.328319,0.8636,180.0,228.0,36.0,0.0,0,0,24
513,20110N3,24.61711,29.01327,812.528,0.0960765,0.9504,160.0,228.0,16.0,16.0,0,0,16
514,20111N3,10.59437,12.48955,1780.12,0.220993,0.8866,80.0,114.0,8.0,8.0,0,0,8
515,20112N3,9.58065,10.43778,2624.14,0.327035,0.8276,160.0,228.0,16.0,16.0,0,0,16
516,20113N3,24.10888,28.27167,876.672,0.102519,0.9482,192.0,244.0,16.0,16.0,0,0,0
517,20114N3,10.07551,12.06451,1868.96,0.231848,0.88,96.0,122.0,8.0,8.0,0,0,0
518,20115N3,9.7459,10.65907,2727.06,0.336368,0.8216,192.0,244.0,16.0,16.0,0,0,0
519,20116N3,23.74486,28.52567,874.508,0.108902,0.947,224.0,260.0,16.0,16.0,0,0,0
520,20117N3,8.66317,9.76361,2792.88,0.363708,0.8016,224.0,260.0,16.0,16.0,0,0,0
521,20118N3,9.84553,12.28917,1935.92,0.238813,0.8688,112.0,130.0,8.0,8.0,0,0,0
522,20120N2,7.25686,8.0509,1345.59,0.827221,0.5682,88.0,140.0,8.0,0.0,0,0,16
523,20121N3,9.7687,9.97566,1256.96,0.833473,0.547,224.0,304.0,16.0,0.0,0,0,32
524,20130N2,27.36019,27.54388,988.977,0.581431,0.7666,84.0,144.0,12.0,0.0,0,0,12
525,20140N2,8.64909,8.96948,1399.37,0.770438,0.6108,104.0,156.0,8.0,8.0,0,0,16
526,20141N2,9.37472,9.86201,1359.12,0.706503,0.6356,112.0,160.0,8.0,8.0,0,0,16
527,20142N2,9.98995,10.41381,1416.56,0.688552,0.6458,96.0,152.0,8.0,8.0,0,0,16
528,20150N2,21.08432,21.27537,1245.78,0.594721,0.6964,144.0,204.0,12.0,0.0,0,0,12
529,20151N2,21.54252,21.84179,1195.97,0.575682,0.7144,120.0,204.0,12.0,0.0,0,0,12
530,20152N2,20.9312,21.11229,1234.71,0.612609,0.6924,132.0,192.0,24.0,0.0,0,0,12
531,20153N2,21.06636,21.3734,1221.33,0.591735,0.7112,108.0,192.0,24.0,0.0,0,0,12
532,20160N2,25.18439,25.57282,1088.2,0.516247,0.7462,168.0,216.0,12.0,24.0,0,0,0
533,20161N2,23.46285,23.75775,1024.84,0.642119,0.6682,168.0,252.0,12.0,12.0,0,0,12
534,20162N2,23.1796,23.46924,1012.82,0.655335,0.6654,156.0,252.0,12.0,12.0,0,0,12
535,20163N2,25.57106,25.87293,1049.49,0.460211,0.7598,132.0,168.0,24.0,12.0,0,0,12
536,20164N2,25.57106,25.87293,1049.31,0.460211,0.7598,132.0,168.0,24.0,12.0,0,0,12
537,20165N2,27.8263,28.08589,999.251,0.39267,0.7944,108.0,156.0,24.0,0.0,0,0,18
538,20166N2,25.74682,26.03906,1041.87,0.466196,0.7658,120.0,156.0,36.0,12.0,0,0,12
539,20167N2,23.33054,23.62181,1031.53,0.585642,0.699,144.0,240.0,12.0,0.0,0,0,18
540,20168N2,23.27554,23.57253,1028.96,0.642832,0.6694,164.0,248.0,16.0,12.0,0,0,12
541,20169N2,23.15947,23.45658,1033.23,0.577773,0.7078,140.0,236.0,16.0,0.0,0,0,18
542,2016aN2,25.52152,25.82068,1044.6,0.46089,0.7622,128.0,164.0,28.0,12.0,0,0,12
543,2016bN2,27.05431,27.32528,1007.64,0.398995,0.795,104.0,152.0,28.0,0.0,0,0,18
544,20170N2,16.84206,17.09377,1312.47,0.532221,0.7414,112.0,184.0,16.0,0.0,0,0,24
545,20171N2,3.14916,4.22768,0.0,1.08674,0.4682,112.0,184.0,16.0,0.0,0,0,24
546,20172N2,11.03237,11.33952,1195.8,0.76071,0.6278,144.0,200.0,16.0,16.0,0,0,16
547,20173N2,16.81646,17.25336,1387.14,0.603533,0.706,144.0,200.0,16.0,16.0,0,0,16
548,20180N2,18.84768,19.35841,1193.18,0.522088,0.746,60.0,108.0,6.0,0.0,0,0,6
549,20181N2,18.58985,19.00793,1167.06,0.588678,0.7212,54.0,102.0,12.0,0.0,0,0,6
550,20182N2,18.13247,18.45428,1160.46,0.638677,0.6936,60.0,96.0,12.0,6.0,0,0,12
551,20190N2,25.41555,25.64462,1008.5,0.42343,0.7816,84.0,132.0,12.0,0.0,0,0,12
552,20191N2,32.79335,33.01596,893.714,0.332648,0.8312,96.0,156.0,12.0,0.0,0,0,12
553,20200N2,31.82555,31.90137,1119.23,0.45887,0.7494,216.0,324.0,24.0,0.0,0,0,48
554,20201N2,16.91517,17.24318,1210.21,0.606834,0.6808,136.0,256.0,16.0,0.0,0,0,24
555,20202N2,30.53322,30.65329,949.907,0.354451,0.819,96.0,168.0,12.0,0.0,0,0,18
556,20203N2,33.0583,33.14216,1060.6,0.500587,0.74,216.0,372.0,24.0,0.0,0,0,48
557,20210N2,16.55631,16.69084,1262.81,0.525024,0.729,72.0,96.0,8.0,0.0,0,0,12
558,20211N2,19.94673,20.2998,1174.06,0.538649,0.7462,78.0,108.0,6.0,0.0,0,0,12
559,20220N2,15.76621,16.06764,1299.38,0.578389,0.7114,84.0,120.0,36.0,0.0,0,0,12
560,20230N2,13.84176,14.11905,1273.26,0.658341,0.6604,120.0,200.0,16.0,0.0,0,0,16
561,20240C2,12.87346,13.1928,1235.75,0.861613,0.5912,40.0,128.0,32.0,0.0,3,2,0
562,20250N2,38.96493,39.10948,844.393,0.311939,0.8342,108.0,156.0,24.0,0.0,0,0,18
563,20260N3,9.54557,9.60069,869.539,0.94826,0.4548,368.0,356.0,16.0,0.0,0,0,24
564,20261N3,13.11194,13.17228,955.074,0.871863,0.5184,400.0,404.0,16.0,0.0,0,0,32
565,20270C2,8.11322,8.37051,1296.27,0.943597,0.55,36.0,44.0,14.0,0.0,0,0,6
566,20271C2,10.36487,10.81315,1260.57,0.847407,0.5872,42.0,56.0,12.0,0.0,0,0,6
567,20272C2,10.29935,10.74822,1290.36,0.860498,0.591,36.0,50.0,18.0,0.0,0,0,6
568,20280N2,15.58649,15.79014,1243.13,0.618262,0.692,120.0,200.0,16.0,0.0,0,0,16
569,20281N2,22.49727,22.82201,1137.01,0.478073,0.7572,160.0,256.0,24.0,0.0,0,0,24
570,20282N2,20.43071,20.5796,1179.41,0.632043,0.7156,160.0,256.0,24.0,0.0,0,0,24
571,20290N2,7.84341,8.45883,1334.83,0.84156,0.572,64.0,108.0,12.0,0.0,0,0,8
572,20300N2,19.79289,20.10559,1193.17,0.516143,0.7466,54.0,90.0,18.0,6.0,0,0,12
573,20310N2,28.4364,28.9663,1358.76,0.207679,0.8934,0.0,0.0,0.0,0.0,0,0,18
574,20311N2,33.82956,34.43726,1384.61,0.169088,0.91,0.0,0.0,0.0,0.0,0,0,24
575,20320N2,36.02662,36.22341,886.323,0.339306,0.8408,0.0,0.0,0.0,0.0,0,0,24
576,20321N2,35.71819,35.86719,829.024,0.338126,0.8104,0.0,0.0,0.0,0.0,0,0,18
577,20330N2,30.76962,30.97191,950.815,0.372581,0.8014,0.0,0.0,0.0,0.0,0,0,18
578,20331N2,17.58148,17.83307,1220.06,0.573158,0.696,0.0,0.0,0.0,0.0,0,0,12
579,20340N2,19.36474,19.61233,1134.53,0.612468,0.689,0.0,0.0,0.0,0.0,0,0,0
580,20341N2,24.02399,24.23241,1022.6,0.519784,0.7314,0.0,0.0,0.0,0.0,0,0,12
581,20350N2,12.75158,13.2482,1203.37,0.765031,0.6498,0.0,0.0,0.0,0.0,0,0,24
582,20360N2,32.0573,32.23249,865.467,0.420387,0.7828,0.0,0.0,0.0,0.0,0,0,18
583,20361N2,23.81475,24.03543,995.478,0.550295,0.714,0.0,0.0,0.0,0.0,0,0,12
584,20362N2,10.67749,11.16169,1192.68,0.780807,0.6084,0.0,0.0,0.0,0.0,0,0,6
585,20370N3,10.2871,12.17549,1929.66,0.325537,0.8322,0.0,0.0,0.0,0.0,0,0,16
586,20380N2,22.59156,22.84761,1095.04,0.58779,0.7524,0.0,0.0,0.0,0.0,0,0,0
587,20390N2,23.76556,23.84687,1040.25,0.519867,0.7574,0.0,0.0,0.0,0.0,0,0,32
588,20391N2,25.80438,26.02626,1030.51,0.493969,0.769,0.0,0.0,0.0,0.0,0,0,32
589,20392N2,27.19968,27.4266,1028.95,0.471421,0.7702,0.0,0.0,0.0,0.0,0,0,32
590,20400N2,4.4389,5.74576,2166.52,0.735935,0.6206,0.0,0.0,0.0,0.0,0,0,6
591,20401N2,16.50094,16.85759,2455.56,0.377713,0.8134,0.0,0.0,0.0,0.0,0,0,18
592,20402N2,13.28883,13.579,2298.16,0.461471,0.7688,0.0,0.0,0.0,0.0,0,0,12
593,20403N2,8.57866,10.56287,2556.52,0.499717,0.7472,0.0,0.0,0.0,0.0,0,0,25
594,20410N2,26.84175,27.2711,1228.01,0.498816,0.7578,0.0,0.0,0.0,0.0,0,0,24
595,20411N2,8.3913,9.26592,1758.34,0.64527,0.674,0.0,0.0,0.0,0.0,0,0,16
596,20420N2,11.7271,12.1459,1069.5,0.905073,0.5898,0.0,0.0,0.0,0.0,0,0,0
597,20421N2,11.85435,12.27828,1182.01,0.893068,0.5866,0.0,0.0,0.0,0.0,0,0,6
598,20430N3,46.90899,47.73625,789.969,0.108766,0.9534,0.0,0.0,0.0,0.0,0,0,24
599,20440N3,12.57722,12.90543,1468.7,0.721036,0.6666,0.0,0.0,0.0,0.0,0,0,0
600,20441N3,9.62021,10.24517,1539.97,0.736551,0.6436,0.0,0.0,0.0,0.0,0,0,0
601,20442N3,9.55392,9.86897,1675.41,0.667311,0.6638,0.0,0.0,0.0,0.0,0,0,0
602,20443N3,9.50351,10.12872,1160.55,0.754281,0.6282,0.0,0.0,0.0,0.0,0,0,0
603,20450N2,14.64627,14.87352,1401.89,0.514154,0.7182,0.0,0.0,0.0,0.0,0,0,32
604,20460N2,9.7242,10.56229,1190.25,1.08544,0.5738,0.0,0.0,0.0,0.0,0,0,0
605,20470N2,24.20917,24.5783,1281.06,0.543008,0.731,0.0,0.0,0.0,0.0,0,0,36
606,20471N2,27.51608,27.69353,989.421,0.429975,0.7932,0.0,0.0,0.0,0.0,0,0,18
607,20472N2,34.39789,34.55963,876.202,0.34938,0.8236,0.0,0.0,0.0,0.0,0,0,24
608,20473N2,55.44839,55.49799,629.408,0.262559,0.8646,0.0,0.0,0.0,0.0,0,0,36
609,20480N3,34.78989,61.79024,476.032,0.0618651,0.9696,0.0,0.0,0.0,0.0,0,0,288
610,20481N3,35.99105,61.4236,482.345,0.0649332,0.967,0.0,0.0,0.0,0.0,0,0,288
611,20490N2,22.38787,22.80197,1279.52,0.538196,0.7142,0.0,0.0,0.0,0.0,0,0,24
612,20491N2,18.40105,18.73247,1345.42,0.687281,0.635,0.0,0.0,0.0,0.0,0,0,24
613,20500N3,9.18261,12.1317,2191.68,0.443234,0.779,0.0,0.0,0.0,0.0,0,0,0
614,20501N3,5.1108,8.53839,1616.66,0.796833,0.6186,0.0,0.0,0.0,0.0,0,0,0
615,20510N2,31.89419,31.98916,1139.09,0.424741,0.7788,0.0,0.0,0.0,0.0,0,0,24
616,20520N3,12.60206,12.89769,1377.0,0.680943,0.6118,0.0,0.0,0.0,0.0,0,0,18
617,20521N3,13.59843,14.50976,1363.65,0.629826,0.6438,0.0,0.0,0.0,0.0,0,0,24
618,20530N2,18.96217,19.42127,1690.26,0.536625,0.7604,120.0,264.0,32.0,48.0,0,0,24
619,20531N2,23.24997,23.52769,1651.55,0.489795,0.7726,144.0,312.0,24.0,48.0,0,0,28
620,20540N2,7.23367,7.57719,1024.44,1.07152,0.483,84.0,120.0,18.0,12.0,0,0,18
621,20541N2,4.83044,5.08862,640.526,1.44221,0.3952,60.0,84.0,18.0,12.0,0,0,14
622,20542N2,10.54669,10.95112,1438.22,0.788467,0.6026,108.0,156.0,18.0,12.0,0,0,24
623,20543N2,10.37271,10.83606,1080.2,0.872037,0.5684,132.0,168.0,18.0,12.0,0,0,12
624,20544N2,12.35358,12.6199,1145.6,0.839587,0.5676,120.0,162.0,18.0,12.0,0,0,24
625,20550N2,8.35618,8.54303,879.735,1.20373,0.4538,0.0,0.0,0.0,0.0,0,0,0
626,20551N2,8.35618,8.54303,881.229,1.10359,0.4786,0.0,0.0,0.0,0.0,0,0,0
627,20560N3,3.31119,5.18758,1372.38,1.09865,0.5524,0.0,0.0,0.0,0.0,0,0,8
628,20561N3,3.00628,5.93163,0.0,1.30233,0.532,0.0,0.0,0.0,0.0,0,0,0
629,20562N3,3.91589,6.56017,1206.27,1.09046,0.5272,0.0,0.0,0.0,0.0,0,0,0
630,20563N3,7.39877,8.28131,1989.46,0.809619,0.6534,0.0,0.0,0.0,0.0,0,0,0
631,20564N3,8.99001,10.39141,2216.15,0.501099,0.7754,0.0,0.0,0.0,0.0,0,0,16
632,20565N3,1.02233,1.65008,0.0,1.77292,0.2626,0.0,0.0,0.0,0.0,0,0,4
633,20570N3,6.9364,7.49061,1992.83,0.513335,0.7122,0.0,0.0,0.0,0.0,0,0,24
634,20571N3,8.34107,9.85367,1819.38,0.505453,0.733,0.0,0.0,0.0,0.0,0,0,32
635,20580N3,15.94544,16.24084,1238.01,0.591588,0.7002,0.0,0.0,0.0,0.0,0,0,40
636,20581N2,15.94544,16.24084,1237.69,0.613707,0.6998,0.0,0.0,0.0,0.0,0,0,40
637,20590N2,26.08678,26.30732,1018.29,0.562376,0.7258,0.0,0.0,0.0,0.0,0,0,24
638,20600N2,24.41634,24.65927,1029.82,0.550916,0.7424,0.0,0.0,0.0,0.0,0,0,12
639,20610N2,29.05709,29.25245,973.253,0.435995,0.7778,0.0,0.0,0.0,0.0,0,0,18
640,20611N2,29.75298,29.9908,1018.55,0.370041,0.8168,0.0,0.0,0.0,0.0,0,0,18
641,20620N2,12.4688,12.95862,1179.24,0.719234,0.6298,0.0,0.0,0.0,0.0,0,0,6
642,20621N2,1.76842,4.40011,0.0,1.17081,0.4168,0.0,0.0,0.0,0.0,0,0,12
643,20630N2,25.8776,25.99705,1219.58,0.527893,0.7236,0.0,0.0,0.0,0.0,0,0,42
644,20631N2,30.98239,31.11791,1112.4,0.537877,0.7586,0.0,0.0,0.0,0.0,0,0,32
645,20640N2,19.18321,19.49447,1211.81,0.589948,0.6844,0.0,0.0,0.0,0.0,0,0,30
646,20641N2,18.93959,19.28585,1160.23,0.514391,0.7248,0.0,0.0,0.0,0.0,0,0,12
647,20650N2,9.20267,9.8117,1410.21,0.827493,0.5904,0.0,0.0,0.0,0.0,0,0,12
648,20651N3,8.71364,9.32717,1323.51,0.870706,0.5758,0.0,0.0,0.0,0.0,0,0,6
649,20652N2,9.18505,9.79025,1458.75,0.904244,0.5824,0.0,0.0,0.0,0.0,0,0,12
650,20653N2,8.54166,9.20487,1387.24,1.02561,0.5696,0.0,0.0,0.0,0.0,0,0,12
651,20660N2,22.83776,23.86923,1782.77,0.289383,0.8552,0.0,0.0,0.0,0.0,0,0,6
652,20670N3,14.69961,15.06435,1232.3,0.753012,0.6168,0.0,0.0,0.0,0.0,0,0,10
653,20671N2,14.98879,15.23076,1246.11,0.888223,0.607,0.0,0.0,0.0,0.0,0,0,16
654,20672N2,15.94271,16.06175,1250.48,0.618931,0.6886,0.0,0.0,0.0,0.0,0,0,16
655,21000N2,27.45548,27.55602,997.02,0.574519,0.78,0.0,0.0,0.0,0.0,0,0,12
656,21001N2,27.90898,28.12187,1002.45,0.535607,0.7836,0.0,0.0,0.0,0.0,0,0,12
657,21010N2,26.88019,27.09464,966.097,0.446606,0.7886,0.0,0.0,0.0,0.0,0,0,12
658,21011N2,25.42451,25.69576,1014.51,0.429535,0.7974,0.0,0.0,0.0,0.0,0,0,12
659,21012N2,30.3537,30.63543,897.51,0.320409,0.83,0.0,0.0,0.0,0.0,0,0,12
660,21013N2,30.17194,30.41829,914.538,0.330376,0.8126,0.0,0.0,0.0,0.0,0,0,12
661,21014N2,28.27496,28.44211,953.396,0.331169,0.8184,0.0,0.0,0.0,0.0,0,0,12
662,21020N2,7.06034,8.21562,2248.72,0.513434,0.7234,0.0,0.0,0.0,0.0,0,0,12
663,21021N2,5.69647,6.66131,2346.15,0.615484,0.6794,0.0,0.0,0.0,0.0,0,0,8
664,21030N2,19.15096,19.57498,1046.69,0.644963,0.6728,0.0,0.0,0.0,0.0,0,0,24
665,21031N2,8.36525,8.92629,1425.34,0.773347,0.6314,0.0,0.0,0.0,0.0,0,0,16
666,21032N2,19.91146,20.31958,1091.32,0.645573,0.6906,0.0,0.0,0.0,0.0,0,0,24
667,21033N2,8.1867,8.48874,1431.26,0.867337,0.5674,0.0,0.0,0.0,0.0,0,0,16
668,21034N2,9.31933,9.46002,1420.94,0.78137,0.6152,0.0,0.0,0.0,0.0,0,0,16
669,21035N2,9.45338,9.59384,1413.23,0.780658,0.6168,0.0,0.0,0.0,0.0,0,0,16
670,21040N3,4.94969,5.08169,960.778,1.03457,0.4998,0.0,0.0,0.0,0.0,0,0,16
671,21041N3,11.87647,11.97179,1275.32,0.844022,0.5938,0.0,0.0,0.0,0.0,0,0,24
672,21050N2,18.67391,19.34281,1529.32,0.359797,0.8106,0.0,0.0,0.0,0.0,0,0,24
673,21051N2,19.03146,19.78271,1503.46,0.365699,0.8066,0.0,0.0,0.0,0.0,0,0,32
674,21052N2,17.72865,18.66837,1499.8,0.378504,0.7988,0.0,0.0,0.0,0.0,0,0,24
675,21053N2,19.86472,20.47649,1472.27,0.352582,0.8136,0.0,0.0,0.0,0.0,0,0,32
676,21060N2,24.16775,24.45582,1002.96,0.617355,0.6884,0.0,0.0,0.0,0.0,0,0,0
677,21070N2,14.22283,14.59786,1253.86,0.848808,0.6404,0.0,0.0,0.0,0.0,0,0,0
678,21071N2,13.93346,14.32254,1301.01,0.835057,0.6542,0.0,0.0,0.0,0.0,0,0,0
679,21072N2,13.62531,14.01495,1306.94,0.80652,0.6556,0.0,0.0,0.0,0.0,0,0,0
680,21073N2,13.94463,14.31763,1315.27,0.767301,0.6548,0.0,0.0,0.0,0.0,0,0,0
681,21080N2,29.69167,29.76014,924.65,0.471582,0.779,0.0,0.0,0.0,0.0,0,0,12
682,21081N2,24.10534,24.39456,1074.56,0.561653,0.734,0.0,0.0,0.0,0.0,0,0,12
683,21082N2,28.84962,28.96942,924.326,0.50194,0.7634,0.0,0.0,0.0,0.0,0,0,12
684,21083N2,23.16997,23.42094,1059.37,0.615166,0.715,0.0,0.0,0.0,0.0,0,0,12
685,21090N3,2.06965,3.19898,0.0,1.20489,0.367,0.0,0.0,0.0,0.0,0,0,16
686,21091N3,3.94341,4.79479,778.998,0.972508,0.4946,0.0,0.0,0.0,0.0,0,0,16
687,21100N2,27.52556,27.68757,1023.46,0.408199,0.8014,0.0,0.0,0.0,0.0,0,0,32
688,21101N2,27.01039,27.0837,1032.38,0.42443,0.798,0.0,0.0,0.0,0.0,0,0,32
689,21102N2,27.29496,27.3707,1030.63,0.397034,0.8008,0.0,0.0,0.0,0.0,0,0,32
690,21110N3,21.65583,23.05723,1452.37,0.215582,0.881,0.0,0.0,0.0,0.0,0,0,36
691,21111N3,7.32571,9.58888,1866.92,0.598089,0.6836,0.0,0.0,0.0,0.0,0,0,12
692,21120N2,34.30552,34.42603,819.485,0.350024,0.8252,0.0,0.0,0.0,0.0,0,0,12
693,21130N2,20.76059,21.09238,1238.59,0.49363,0.7408,0.0,0.0,0.0,0.0,0,0,0
694,21131N2,20.7426,21.07537,1049.65,0.592662,0.7032,0.0,0.0,0.0,0.0,0,0,0
695,21140N2,10.88042,11.34279,1301.71,0.778051,0.6214,0.0,0.0,0.0,0.0,0,0,6
696,21150N2,7.35597,7.93063,239.291,1.26634,0.3852,0.0,0.0,0.0,0.0,0,0,0
697,21170N2,30.03446,30.22016,938.164,0.361855,0.802,0.0,0.0,0.0,0.0,0,0,12
698,21180N2,26.20123,26.30129,1046.01,0.541178,0.752,0.0,0.0,0.0,0.0,0,0,0
699,21181N2,27.30368,27.50399,1055.09,0.410128,0.787,0.0,0.0,0.0,0.0,0,0,12
700,21182N2,25.87098,26.06708,1027.58,0.52496,0.7546,0.0,0.0,0.0,0.0,0,0,12
701,21190N2,41.07749,41.18521,811.927,0.353013,0.8276,0.0,0.0,0.0,0.0,0,0,24
702,21191N2,45.79396,45.88943,752.284,0.247235,0.841,0.0,0.0,0.0,0.0,0,0,0
703,21192N2,47.9372,48.33082,960.154,0.271716,0.892,0.0,0.0,0.0,0.0,0,0,3108
704,21200N2,21.9532,22.25008,1114.9,0.496452,0.7504,0.0,0.0,0.0,0.0,0,0,24
705,21201N2,14.07017,14.26724,1540.15,0.578522,0.712,0.0,0.0,0.0,0.0,0,0,12
706,21210N2,25.77232,26.07142,1196.29,0.524414,0.7256,0.0,0.0,0.0,0.0,0,0,42
707,21220N2,27.42777,27.65317,1100.76,0.533422,0.7344,0.0,0.0,0.0,0.0,0,0,24
708,21230N2,9.2616,10.07568,2296.31,0.439893,0.7602,0.0,0.0,0.0,0.0,0,0,12
709,21240C2,7.43582,7.79146,1114.49,0.999305,0.52,0.0,0.0,0.0,0.0,0,0,9
710,21241C2,14.44401,14.90801,1256.36,0.65643,0.6662,0.0,0.0,0.0,0.0,0,0,18
711,21242C2,13.92267,14.40335,1275.1,0.695102,0.6624,0.0,0.0,0.0,0.0,0,0,18
712,21250N2,13.5147,13.81014,1196.72,0.655304,0.6816,0.0,0.0,0.0,0.0,0,0,6
713,21251N2,23.53686,23.78086,1124.7,0.467698,0.7746,0.0,0.0,0.0,0.0,0,0,6
714,21260N2,23.01906,23.28893,1060.6,0.500851,0.7636,0.0,0.0,0.0,0.0,0,0,32
715,21270N3,4.59057,4.92801,450.324,1.0074,0.4748,0.0,0.0,0.0,0.0,0,0,32
716,21271N3,5.77182,8.15208,1841.15,0.720061,0.6162,0.0,0.0,0.0,0.0,0,0,80
717,21280N3,38.02998,38.09649,822.161,0.290433,0.8566,0.0,0.0,0.0,0.0,0,0,6
718,21290N2,26.74378,26.95282,982.751,0.462772,0.7714,0.0,0.0,0.0,0.0,0,0,56
719,21291N3,21.96829,23.32506,1319.94,0.378666,0.8296,0.0,0.0,0.0,0.0,0,0,48
720,21300C3,9.23584,13.53182,1413.04,0.492082,0.767,0.0,0.0,0.0,0.0,0,0,48
721,21310N2,22.86662,23.04945,1093.74,0.41957,0.7798,0.0,0.0,0.0,0.0,0,0,32
722,21311N3,21.55021,21.70429,1148.53,0.567372,0.7484,0.0,0.0,0.0,0.0,0,0,48
723,21312N2,45.33846,45.47565,744.035,0.269235,0.8668,0.0,0.0,0.0,0.0,0,0,24
724,21313N3,40.78327,40.84634,809.397,0.327254,0.8538,0.0,0.0,0.0,0.0,0,0,24
725,21314N2,34.52,34.59008,877.822,0.321533,0.8296,0.0,0.0,0.0,0.0,0,0,16
726,21315N3,31.09708,31.18528,943.175,0.389144,0.8028,0.0,0.0,0.0,0.0,0,0,16
727,21320N2,17.64676,17.86719,1170.97,0.600161,0.692,0.0,0.0,0.0,0.0,0,0,16
728,21330N2,29.21423,29.41365,945.6,0.427291,0.7938,84.0,132.0,24.0,12.0,0,0,12
729,21331N2,29.20821,29.4063,952.886,0.450021,0.778,96.0,156.0,24.0,12.0,0,0,12
730,21340N2,38.04226,38.20079,832.763,0.328548,0.83,120.0,180.0,12.0,0.0,0,0,24
731,21350N2,21.73463,22.22645,830.061,0.312943,0.8892,8.0,88.0,32.0,0.0,5,4,0
732,21351N2,21.73551,22.55319,859.292,0.242335,0.9028,40.0,152.0,32.0,0.0,5,4,0
733,21352N2,21.73638,22.22526,841.91,0.269598,0.893,32.0,176.0,32.0,0.0,5,4,0
734,21353N2,21.73096,22.44138,843.879,0.279365,0.898,0.0,144.0,64.0,0.0,5,4,0
735,21354N2,21.72518,22.4453,845.668,0.327065,0.8986,0.0,144.0,64.0,0.0,0,0,0
736,21360N2,10.19245,10.60356,1270.66,0.771789,0.6078,254.0,240.0,72.0,24.0,0,0,12
737,21370N2,9.01044,9.45404,1222.85,1.07115,0.5416,24.0,36.0,12.0,12.0,0,0,0
738,21371N2,8.78201,9.28245,1335.69,0.82562,0.5868,24.0,36.0,12.0,0.0,0,0,0
739,21380N2,14.53938,14.88759,1248.75,0.709137,0.6472,54.0,90.0,6.0,0.0,0,0,6
740,21381N2,14.84828,15.15191,1222.01,0.705099,0.642,48.0,84.0,12.0,0.0,0,0,6
741,21382N2,10.9067,11.44724,1401.0,0.799004,0.6248,48.0,78.0,8.0,0.0,0,0,6
742,21390N2,22.05035,22.31282,1092.5,0.502545,0.749,80.0,114.0,12.0,12.0,0,0,6
743,21391N2,38.68679,38.85647,835.101,0.356172,0.8246,132.0,168.0,24.0,24.0,0,0,6
744,21392N2,37.1392,37.30939,824.047,0.403371,0.8178,120.0,168.0,24.0,24.0,0,0,0
745,21393N2,36.80411,37.05879,874.345,0.316613,0.846,156.0,180.0,24.0,24.0,0,0,0
746,21394N2,35.29817,35.57159,909.843,0.320161,0.8478,156.0,180.0,24.0,36.0,0,0,0
747,21395N2,37.9101,38.12916,857.775,0.329937,0.8454,120.0,168.0,24.0,36.0,0,0,0
748,21400N2,27.05362,27.19937,1005.97,0.412821,0.7658,120.0,168.0,12.0,0.0,0,0,12
749,21410N2,22.18022,22.50124,1311.48,0.457288,0.757,324.0,336.0,28.0,24.0,0,0,24
750,21411N2,26.1042,26.40974,1123.97,0.391003,0.8004,336.0,360.0,24.0,24.0,0,0,24
751,21420N2,7.56134,8.3785,1300.15,0.795186,0.5878,104.0,160.0,24.0,0.0,0,0,8
752,21421N2,12.04475,12.72508,1377.31,0.650792,0.658,136.0,208.0,24.0,0.0,0,0,16
753,21422N2,10.97887,11.51494,1312.63,0.682504,0.6368,168.0,224.0,24.0,0.0,0,0,0
754,21423N2,9.30359,10.24402,1328.77,0.774606,0.5984,168.0,224.0,24.0,16.0,0,0,0
755,21424N2,15.24492,15.75198,1340.7,0.562973,0.7092,168.0,256.0,24.0,0.0,0,0,24
756,21425N2,14.36408,14.71041,1336.8,0.557585,0.6934,0.0,0.0,0.0,0.0,0,0,16
757,21426N3,11.77675,13.74326,2018.91,0.200665,0.8846,34.0,53.0,6.0,0.0,0,0,4
758,21430N2,4.52926,5.62049,593.533,1.08977,0.468,108.0,174.0,18.0,42.0,0,0,6
759,21440N2,16.40166,17.07582,1329.17,0.541895,0.7128,180.0,240.0,12.0,0.0,0,0,12
760,21450N2,37.49572,37.64006,894.031,0.355495,0.8286,70.0,168.0,12.0,24.0,0,0,0
761,21451N2,37.7935,37.94652,872.474,0.331379,0.8452,72.0,168.0,12.0,12.0,0,0,12
762,21460N2,19.09254,19.34628,1384.53,0.585014,0.7122,120.0,156.0,12.0,24.0,0,0,12
763,21470N2,9.93798,10.66918,1488.92,0.652225,0.6634,208.0,320.0,16.0,0.0,0,0,48
764,21480N2,12.37536,13.01052,1266.34,0.841932,0.636,96.0,138.0,24.0,24.0,0,0,0
765,21481N2,9.7242,10.56229,1190.28,1.08544,0.5738,96.0,156.0,24.0,24.0,0,0,0
766,21490N2,7.32397,8.6827,857.802,1.10025,0.4954,360.0,512.0,64.0,16.0,0,0,16
767,21510N3,5.018,6.14434,1676.78,0.716147,0.6156,156.0,170.0,16.0,8.0,0,0,16
768,21511N3,8.06856,9.00228,2080.05,0.611472,0.6762,180.0,188.0,16.0,8.0,0,0,16
769,21520N3,7.0698,8.19994,2946.12,0.381732,0.8066,40.0,74.0,0.0,8.0,0,0,0
770,21530N2,10.69236,11.11257,1271.29,0.889795,0.6086,132.0,184.0,16.0,12.0,0,0,28
771,21531N2,10.65465,10.88939,1312.02,0.963001,0.5938,128.0,184.0,16.0,12.0,1,2,22
772,21540N3,34.79952,41.14343,426.365,0.0516319,0.9752,192.0,248.0,16.0,0.0,0,0,32
773,21550N3,7.41575,8.47286,1690.36,0.811375,0.5858,0.0,84.0,4.0,0.0,0,0,0
774,21551N3,10.72201,11.02298,1329.75,0.819494,0.5798,0.0,0.0,0.0,0.0,0,0,9
775,21560N3,8.39348,8.5385,1378.14,0.804278,0.6208,112.0,240.0,16.0,0.0,0,0,24
776,21570N3,14.50795,14.64157,1290.79,0.693562,0.6538,320.0,480.0,32.0,0.0,0,0,32
777,21571N3,19.64275,19.92583,1152.48,0.600738,0.698,384.0,576.0,32.0,0.0,0,0,32
778,21572N3,14.75538,18.45979,1277.16,0.16127,0.915,92.0,168.0,8.0,0.0,0,0,16
779,21600N2,34.49452,34.66268,868.633,0.379388,0.8192,84.0,144.0,24.0,0.0,0,0,12
780,21601N2,37.80266,37.95969,830.295,0.33991,0.8314,96.0,156.0,24.0,0.0,0,0,12
781,21620N2,21.36547,21.60969,1130.8,0.524019,0.7224,96.0,120.0,12.0,0.0,0,0,0
782,21630N2,22.70842,22.92625,1060.49,0.582998,0.7198,72.0,108.0,12.0,12.0,0,0,12
783,21631N2,26.25093,26.43382,1027.01,0.537292,0.757,72.0,108.0,24.0,12.0,0,0,12
784,21632N2,21.75115,22.01401,1110.89,0.62163,0.7252,60.0,120.0,12.0,24.0,0,0,0
785,21633N2,10.58604,10.99,1240.83,0.888693,0.5826,42.0,66.0,6.0,6.0,0,0,6
786,21640N3,21.08933,21.41247,1575.66,0.546112,0.703,174.0,138.0,12.0,36.0,0,0,6
787,21650N2,7.98145,8.50883,953.412,1.44448,0.4662,16.0,128.0,32.0,16.0,2,4,0
788,21651N2,9.10674,9.6161,1102.34,1.65035,0.4868,32.0,160.0,32.0,16.0,2,4,0
789,21660N2,7.27798,7.73885,1422.83,0.973023,0.546,24.0,60.0,12.0,0.0,0,0,0
790,21661N2,13.35864,13.4719,1252.55,0.766248,0.6464,42.0,84.0,14.0,0.0,0,0,6
791,21670N2,4.40977,5.85394,2177.61,0.679122,0.6658,12.0,84.0,48.0,24.0,0,0,0
792,21680N2,11.45019,11.60726,1294.95,0.872501,0.5462,96.0,152.0,8.0,0.0,0,0,16
793,21690N2,26.34624,26.55132,964.144,0.466571,0.7694,868.0,1244.0,216.0,108.0,0,0,108
794,21691N2,22.20311,22.2962,1266.16,0.676478,0.6954,1492.0,1504.0,268.0,108.0,0,0,108
795,21700N2,13.42722,19.39136,1416.05,0.223906,0.8844,248.0,340.0,48.0,0.0,0,0,24
796,21710N2,10.05362,10.4747,874.589,1.15137,0.5036,60.0,84.0,24.0,12.0,0,0,24
797,21711N2,10.53452,10.96455,900.082,1.20612,0.4406,84.0,96.0,24.0,12.0,0,0,0
798,21712N2,16.60136,16.9478,829.16,0.841107,0.5976,108.0,132.0,24.0,12.0,0,0,0
799,21720N2,19.62592,19.90949,1093.59,0.71899,0.684,48.0,116.0,12.0,12.0,0,0,0
800,21730N3,14.55907,14.68867,1320.86,0.725204,0.6506,324.0,612.0,36.0,72.0,0,0,126
801,22000N2,30.0174,30.11354,941.929,0.562012,0.7732,48.0,144.0,12.0,0.0,0,0,0
802,22001N2,8.30428,8.61999,1208.54,0.813726,0.5814,648.0,648.0,36.0,0.0,0,0,0
803,22002N2,6.8423,7.36659,1637.19,0.794607,0.5948,612.0,648.0,36.0,0.0,0,0,0
804,22010N2,14.44648,14.76,1485.25,0.794048,0.5846,180.0,132.0,24.0,24.0,0,0,0
805,22020N2,6.01664,8.0167,2372.38,0.544533,0.7114,396.0,486.0,36.0,36.0,0,0,0
806,22021N2,5.8306,7.77183,2208.06,0.581616,0.6854,468.0,522.0,36.0,36.0,0,0,0
807,22030N2,8.26802,8.77963,927.741,1.35336,0.469,32.0,128.0,48.0,0.0,1,2,0
808,22031N2,8.26807,8.77977,915.947,1.41755,0.469,32.0,128.0,48.0,0.0,2,4,0
809,22040N2,26.01336,26.78069,1481.63,0.445005,0.7736,240.0,384.0,24.0,0.0,0,0,36
810,22041N2,10.57759,10.71529,1043.4,0.933183,0.5416,128.0,256.0,16.0,0.0,0,0,8
