05001N2,0
07000N2,1
07001N2,2
07002N2,3
07010N3,4
07011N3,5
07012N3,6
07013N3,7
08000N3,8
08010N2,9
08011N2,10
08012N2,11
08013N2,12
08020N2,13
08030N2,14
09000N3,15
09010N2,16
10000N2,17
10010N2,18
10020N2,19
11000N2,20
11001N2,21
11002N2,22
11003N2,23
11010N2,24
11020N2,25
11030N2,26
11031N2,27
11040N2,28
12000N2,29
12001N2,30
12010N2,31
12011N2,32
12012N2,33
12020N2,34
12022N2,35
12023N2,36
12024N2,37
12030N2,38
12040N2,39
12050N2,40
12060N2,41
12061N2,42
12062N2,43
13000N2,44
13010N2,45
13011N2,46
13012N2,47
13020N2,48
13040N3,49
13050N2,50
13060N2,51
13070N2,52
13071N2,53
13072N2,54
13073N2,55
13074N2,56
13075N2,57
13076N2,58
13077N2,59
13078N2,60
13080N2,61
13090N2,62
13100N2,63
13110N2,64
13120N2,65
13121N2,66
13122N2,67
13123N2,68
13130N2,69
13140N2,70
13141N2,71
13142N2,72
13150N2,73
13160N2,74
13161N2,75
13170N2,76
13180N3,77
13181N3,78
13182N3,79
13190N2,80
13191N2,81
14000N2,82
14010N2,83
14020N2,84
14030N2,85
14040N2,86
14050N3,87
14051N3,88
14060N2,89
14070N2,90
14071N2,91
14072N2,92
14073N2,93
14080N2,94
14090N2,95
14091N2,96
15010N2,97
15020N2,98
15021N2,99
15030N2,100
15031N2,101
15040N2,102
15050N2,103
15060N2,104
15061N2,105
15070N2,106
15071N2,107
15072N2,108
15080N2,109
15081N2,110
15090N2,111
15091N2,112
15100N2,113
15101N2,114
15110N2,115
15111N2,116
15131N2,117
15140N2,118
15150N2,119
15160N2,120
15161N2,121
15162N2,122
15163N2,123
15170N2,124
15171N2,125
15180N2,126
15181N2,127
15182N2,128
15183N2,129
15184N2,130
15185N2,131
15186N2,132
15190N2,133
15200N3,134
15210N2,135
15211N2,136
15220N2,137
15240N2,138
15242N2,139
15250N2,140
15251N2,141
15252N2,142
15253N2,143
16000N2,144
16001N2,145
16002N2,146
16010N2,147
16011N2,148
16020N2,149
16030N2,150
16031N2,151
16032N2,152
16040N2,153
16041N2,154
16050N2,155
16051N2,156
16052N2,157
16053N2,158
16054N2,159
16055N2,160
16056N2,161
16057N2,162
16058N2,163
16060N2,164
16061N2,165
16070N2,166
16080N2,167
16110N3,168
16111N3,169
16112N3,170
16113N3,171
16120N2,172
16121N2,173
16130N3,174
16140N2,175
16141N2,176
16142N2,177
16150N2,178
16160N2,179
16170N2,180
16171N2,181
16172N2,182
16173N2,183
16174N2,184
16190N2,185
16191N2,186
16200N2,187
16201N2,188
16210N2,189
16211N2,190
16230N2,191
16250N3,192
16251N3,193
16260N2,194
16271N2,195
16272N2,196
16273N2,197
16290N3,198
16310N2,199
16311N2,200
16312N2,201
16330N2,202
16331N2,203
16332N3,204
16340N2,205
16350N2,206
16351N2,207
16360N2,208
16361N2,209
16370N2,210
16380N2,211
16390N2,212
16400N2,213
16420N2,214
16430N2,215
16440N2,216
16450N2,217
16460N2,218
16480N2,219
16481N2,220
16490N2,221
16500N2,222
16510N2,223
17000N2,224
17020N2,225
17030N2,226
17040N2,227
17050N2,228
17060N2,229
17061N2,230
17070N2,231
17091N3,232
17100N2,233
17110N2,234
17130N2,235
17131N2,236
17140N2,237
17150N2,238
17151N2,239
17152N2,240
17153N2,241
17154N2,242
17155N2,243
17156N2,244
17160N3,245
17161N3,246
17162N3,247
17163N3,248
17170N2,249
17180N2,250
17181N2,251
17190N2,252
17191N2,253
17210N2,254
17220N2,255
17230N2,256
17240N3,257
17250N2,258
18011N3,259
18023N3,260
18030N2,261
18031N2,262
18032N2,263
18033N2,264
18040N3,265
18041N3,266
18060N2,267
18061N2,268
18070N2,269
18080N2,270
18083N2,271
18090N2,272
18100N2,273
18101N2,274
18110N2,275
18111N2,276
18112N2,277
18121N3,278
18122N3,279
18130N3,280
18131N3,281
18133N3,282
18134N3,283
18140N2,284
18141N2,285
18142N3,286
18143N3,287
18150N2,288
18151N2,289
18161N2,290
19000N3,291
19003N3,292
19010N2,293
19020N3,294
19022N3,295
19030N2,296
19041N2,297
19050N2,298
19051N2,299
19060N2,300
19061N2,301
19070N2,302
19080N2,303
19090N2,304
19101N2,305
19102N2,306
19110N2,307
19120N2,308
19122N2,309
19130N2,310
19140N2,311
19142N2,312
19144N2,313
19150N2,314
19170N2,315
19180N2,316
19181N2,317
19182N2,318
19190N2,319
19191N2,320
19200N2,321
19210N2,322
19212N2,323
19214N2,324
19220N2,325
19230N2,326
19240N3,327
19241N3,328
19242N3,329
19260N2,330
19270N2,331
19280N2,332
19281N2,333
19282N2,334
19283N2,335
19290N2,336
19291N2,337
19292N2,338
19310N2,339
19311N2,340
19330N2,341
19340N2,342
19341N2,343
19350N2,344
19351N2,345
19352N2,346
19353N2,347
19360N2,348
19361N2,349
19362N2,350
19363N2,351
19364N2,352
19365N2,353
19366N2,354
19370N2,355
19380N2,356
19390N2,357
19401N3,358
19410N2,359
19411N2,360
19412N2,361
19413N2,362
19420N3,363
19421N3,364
19430N2,365
19440N2,366
19441N2,367
19450N2,368
19451N2,369
19452N2,370
19453N2,371
19454N2,372
19455N2,373
19456N2,374
19460N2,375
19462N2,376
19464N2,377
19466N2,378
19470N2,379
19480N2,380
19481N2,381
19482N2,382
19483N2,383
19490N2,384
19491N2,385
19500N2,386
19510N2,387
19511N2,388
19520N2,389
19521N2,390
19522N2,391
19530N2,392
19531N2,393
19540N2,394
19541N2,395
19542N2,396
19550N2,397
19560N2,398
19570N2,399
19571N2,400
19572N2,401
19573N2,402
20000N2,403
20021N2,404
20030N2,405
20031N2,406
20040N2,407
20050N2,408
20051N2,409
20052N2,410
20070N2,411
20080N2,412
20090N2,413
20091N2,414
20110N3,415
20113N3,416
20116N3,417
20120N2,418
20121N3,419
20130N2,420
20140N2,421
20141N2,422
20142N2,423
20150N2,424
20151N2,425
20152N2,426
20153N2,427
20160N2,428
20161N2,429
20162N2,430
20164N2,431
20165N2,432
20166N2,433
20167N2,434
20168N2,435
20169N2,436
2016aN2,437
2016bN2,438
20170N2,439
20172N2,440
20180N2,441
20181N2,442
20182N2,443
20190N2,444
20191N2,445
20201N2,446
20202N2,447
20203N2,448
20210N2,449
20211N2,450
20220N2,451
20250N2,452
20260N3,453
20261N3,454
20280N2,455
20281N2,456
20282N2,457
20290N2,458
20300N2,459
20310N2,460
20311N2,461
20320N2,462
20321N2,463
20331N2,464
20340N2,465
20341N2,466
20350N2,467
20360N2,468
20361N2,469
20362N2,470
20370N3,471
20380N2,472
20390N2,473
20391N2,474
20392N2,475
20401N2,476
20402N2,477
20403N2,478
20410N2,479
20411N2,480
20420N2,481
20421N2,482
20430N3,483
20440N3,484
20441N3,485
20442N3,486
20443N3,487
20450N2,488
20460N2,489
20470N2,490
20471N2,491
20472N2,492
20473N2,493
20490N2,494
20491N2,495
20500N3,496
20501N3,497
20510N2,498
20520N3,499
20521N3,500
20530N2,501
20531N2,502
20540N2,503
20541N2,504
20542N2,505
20543N2,506
20544N2,507
20550N2,508
20551N2,509
20560N3,510
20561N3,511
20562N3,512
20563N3,513
20564N3,514
20571N3,515
20580N3,516
20581N2,517
20590N2,518
20600N2,519
20610N2,520
20611N2,521
20620N2,522
20630N2,523
20631N2,524
20640N2,525
20650N2,526
20651N3,527
20652N2,528
20653N2,529
20670N3,530
20671N2,531
20672N2,532
21000N2,533
21010N2,534
21011N2,535
21012N2,536
21013N2,537
21014N2,538
21020N2,539
21021N2,540
21030N2,541
21031N2,542
21032N2,543
21033N2,544
21034N2,545
21035N2,546
21040N3,547
21041N3,548
21050N2,549
21051N2,550
21052N2,551
21053N2,552
21060N2,553
21070N2,554
21071N2,555
21072N2,556
21073N2,557
21080N2,558
21081N2,559
21082N2,560
21091N3,561
21100N2,562
21101N2,563
21110N3,564
21111N3,565
21120N2,566
21130N2,567
21140N2,568
21150N2,569
21170N2,570
21180N2,571
21181N2,572
21190N2,573
21200N2,574
21201N2,575
21220N2,576
21230N2,577
21250N2,578
21251N2,579
21260N2,580
21270N3,581
21271N3,582
21280N3,583
21290N2,584
21291N3,585
21310N2,586
21311N3,587
21312N2,588
21313N3,589
21314N2,590
21315N3,591
21320N2,592
05001N2_1.0_1.0,593
05001N2_1.0_0.5,594
07000N2_1.0_1.0,595
07000N2_1.0_0.5,596
07002N2_1.0_1.0,597
07002N2_1.0_0.5,598
07010N3_1.0_1.0,599
07010N3_1.0_0.5,600
07011N3_1.0_1.0,601
07011N3_1.0_0.5,602
07012N3_1.0_1.0,603
07012N3_1.0_0.5,604
07013N3_1.0_1.0,605
07013N3_1.0_0.5,606
08000N3_1.0_1.0,607
08000N3_1.0_0.5,608
08020N2_1.0_0.5,609
09000N3_1.0_1.0,610
09000N3_1.0_0.5,611
10010N2_1.0_1.0,612
10010N2_1.0_0.5,613
10020N2_1.0_1.0,614
10020N2_1.0_0.5,615
11002N2_1.0_1.0,616
11002N2_1.0_0.5,617
11003N2_1.0_1.0,618
11003N2_1.0_0.5,619
11020N2_1.0_1.0,620
11020N2_1.0_0.5,621
11030N2_1.0_1.0,622
11030N2_1.0_0.5,623
11031N2_1.0_1.0,624
11031N2_1.0_0.5,625
11040N2_1.0_1.0,626
11040N2_1.0_0.5,627
12000N2_1.0_1.0,628
12000N2_1.0_0.5,629
12010N2_1.0_1.0,630
12010N2_1.0_0.5,631
12011N2_1.0_1.0,632
12011N2_1.0_0.5,633
12012N2_1.0_1.0,634
12012N2_1.0_0.5,635
12022N2_1.0_1.0,636
12022N2_1.0_0.5,637
12023N2_1.0_1.0,638
12023N2_1.0_0.5,639
12024N2_1.0_1.0,640
12024N2_1.0_0.5,641
12040N2_1.0_1.0,642
12040N2_1.0_0.5,643
12050N2_1.0_0.5,644
12060N2_1.0_1.0,645
12060N2_1.0_0.5,646
12061N2_1.0_1.0,647
12061N2_1.0_0.5,648
12062N2_1.0_1.0,649
12062N2_1.0_0.5,650
13010N2_1.0_1.0,651
13010N2_1.0_0.5,652
13012N2_1.0_1.0,653
13012N2_1.0_0.5,654
13020N2_1.0_1.0,655
13020N2_1.0_0.5,656
13040N3_1.0_1.0,657
13040N3_1.0_0.5,658
13060N2_1.0_1.0,659
13060N2_1.0_0.5,660
13072N2_1.0_1.0,661
13072N2_1.0_0.5,662
13100N2_1.0_1.0,663
13100N2_1.0_0.5,664
13110N2_1.0_1.0,665
13110N2_1.0_0.5,666
13120N2_1.0_1.0,667
13120N2_1.0_0.5,668
13121N2_1.0_1.0,669
13121N2_1.0_0.5,670
13122N2_1.0_1.0,671
13122N2_1.0_0.5,672
13123N2_1.0_1.0,673
13123N2_1.0_0.5,674
13130N2_1.0_1.0,675
13130N2_1.0_0.5,676
13150N2_1.0_1.0,677
13150N2_1.0_0.5,678
13160N2_1.0_1.0,679
13160N2_1.0_0.5,680
13161N2_1.0_1.0,681
13161N2_1.0_0.5,682
13170N2_1.0_1.0,683
13170N2_1.0_0.5,684
13180N3_1.0_1.0,685
13180N3_1.0_0.5,686
13181N3_1.0_1.0,687
13181N3_1.0_0.5,688
13182N3_1.0_1.0,689
13182N3_1.0_0.5,690
13190N2_1.0_1.0,691
13190N2_1.0_0.5,692
13191N2_1.0_1.0,693
13191N2_1.0_0.5,694
14010N2_1.0_1.0,695
14010N2_1.0_0.5,696
14020N2_1.0_1.0,697
14020N2_1.0_0.5,698
14030N2_1.0_1.0,699
14030N2_1.0_0.5,700
14040N2_1.0_1.0,701
14040N2_1.0_0.5,702
14060N2_1.0_1.0,703
14060N2_1.0_0.5,704
14070N2_1.0_1.0,705
14070N2_1.0_0.5,706
14071N2_1.0_1.0,707
14071N2_1.0_0.5,708
14072N2_1.0_1.0,709
14072N2_1.0_0.5,710
14073N2_1.0_1.0,711
14073N2_1.0_0.5,712
14080N2_1.0_1.0,713
14080N2_1.0_0.5,714
14090N2_1.0_1.0,715
14090N2_1.0_0.5,716
14091N2_1.0_1.0,717
14091N2_1.0_0.5,718
15010N2_1.0_1.0,719
15010N2_1.0_0.5,720
15020N2_1.0_1.0,722
15020N2_1.0_0.5,723
15021N2_1.0_1.0,724
15021N2_1.0_0.5,725
15030N2_1.0_1.0,726
15030N2_1.0_0.5,727
15031N2_1.0_1.0,728
15031N2_1.0_0.5,729
15040N2_1.0_1.0,730
15040N2_1.0_0.5,731
15060N2_1.0_1.0,732
15060N2_1.0_0.5,733
15061N2_1.0_1.0,734
15061N2_1.0_0.5,735
15070N2_1.0_1.0,736
15070N2_1.0_0.5,737
15071N2_1.0_1.0,738
15071N2_1.0_0.5,739
15072N2_1.0_1.0,740
15072N2_1.0_0.5,741
15080N2_1.0_1.0,742
15080N2_1.0_0.5,743
15081N2_1.0_1.0,744
15081N2_1.0_0.5,745
15090N2_1.0_1.0,746
15090N2_1.0_0.5,747
15091N2_1.0_1.0,748
15091N2_1.0_0.5,749
15100N2_1.0_1.0,750
15100N2_1.0_0.5,751
15110N2_1.0_1.0,752
15110N2_1.0_0.5,753
15111N2_1.0_1.0,754
15111N2_1.0_0.5,755
15131N2_1.0_1.0,756
15131N2_1.0_0.5,757
15140N2_1.0_1.0,758
15140N2_1.0_0.5,759
15150N2_1.0_1.0,760
15150N2_1.0_0.5,761
15161N2_1.0_1.0,762
15161N2_1.0_0.5,763
15162N2_1.0_1.0,764
15162N2_1.0_0.5,765
15163N2_1.0_1.0,766
15163N2_1.0_0.5,767
15170N2_1.0_1.0,768
15170N2_1.0_0.5,769
15171N2_1.0_1.0,770
15171N2_1.0_0.5,771
15180N2_1.0_1.0,772
15180N2_1.0_0.5,773
15181N2_1.0_1.0,774
15181N2_1.0_0.5,775
15182N2_1.0_1.0,776
15182N2_1.0_0.5,777
15183N2_1.0_1.0,778
15183N2_1.0_0.5,779
15184N2_1.0_1.0,780
15184N2_1.0_0.5,781
15185N2_1.0_1.0,782
15185N2_1.0_0.5,783
15186N2_1.0_1.0,784
15186N2_1.0_0.5,785
15220N2_1.0_1.0,786
15220N2_1.0_0.5,787
15240N2_1.0_1.0,788
15240N2_1.0_0.5,789
15250N2_1.0_1.0,790
15250N2_1.0_0.5,791
15251N2_1.0_1.0,792
15251N2_1.0_0.5,793
15252N2_1.0_1.0,794
15252N2_1.0_0.5,795
15253N2_1.0_1.0,796
15253N2_1.0_0.5,797
16011N2_1.0_1.0,798
16011N2_1.0_0.5,799
16030N2_1.0_1.0,800
16030N2_1.0_0.5,801
16031N2_1.0_1.0,802
16031N2_1.0_0.5,803
16032N2_1.0_1.0,804
16032N2_1.0_0.5,805
16040N2_1.0_1.0,806
16040N2_1.0_0.5,807
16041N2_1.0_1.0,808
16041N2_1.0_0.5,809
16050N2_1.0_1.0,810
16050N2_1.0_0.5,811
16051N2_1.0_1.0,812
16051N2_1.0_0.5,813
16052N2_1.0_1.0,814
16052N2_1.0_0.5,815
16053N2_1.0_1.0,816
16053N2_1.0_0.5,817
16054N2_1.0_1.0,818
16054N2_1.0_0.5,819
16055N2_1.0_1.0,820
16055N2_1.0_0.5,821
16056N2_1.0_1.0,822
16056N2_1.0_0.5,823
16057N2_1.0_1.0,824
16057N2_1.0_0.5,825
16060N2_1.0_1.0,826
16060N2_1.0_0.5,827
16061N2_1.0_1.0,828
16061N2_1.0_0.5,829
16080N2_1.0_1.0,830
16080N2_1.0_0.5,831
16110N3_1.0_1.0,832
16110N3_1.0_0.5,833
16111N3_1.0_1.0,834
16111N3_1.0_0.5,835
16130N3_1.0_1.0,836
16130N3_1.0_0.5,837
16140N2_1.0_1.0,838
16140N2_1.0_0.5,839
16141N2_1.0_1.0,840
16141N2_1.0_0.5,841
16142N2_1.0_1.0,842
16142N2_1.0_0.5,843
16170N2_1.0_1.0,844
16170N2_1.0_0.5,845
16171N2_1.0_1.0,846
16171N2_1.0_0.5,847
16172N2_1.0_1.0,848
16172N2_1.0_0.5,849
16173N2_1.0_1.0,850
16173N2_1.0_0.5,851
16174N2_1.0_1.0,852
16174N2_1.0_0.5,853
16190N2_1.0_1.0,854
16190N2_1.0_0.5,855
16191N2_1.0_1.0,856
16191N2_1.0_0.5,857
16230N2_1.0_1.0,858
16230N2_1.0_0.5,859
16250N3_1.0_1.0,860
16250N3_1.0_0.5,861
16251N3_1.0_1.0,862
16251N3_1.0_0.5,863
16271N2_1.0_1.0,864
16271N2_1.0_0.5,865
16272N2_1.0_1.0,866
16272N2_1.0_0.5,867
16273N2_1.0_1.0,868
16273N2_1.0_0.5,869
16310N2_1.0_1.0,870
16310N2_1.0_0.5,871
16311N2_1.0_1.0,872
16311N2_1.0_0.5,873
16312N2_1.0_1.0,874
16312N2_1.0_0.5,875
16330N2_1.0_1.0,876
16330N2_1.0_0.5,877
16331N2_1.0_1.0,878
16331N2_1.0_0.5,879
16340N2_1.0_1.0,880
16340N2_1.0_0.5,881
16360N2_1.0_1.0,882
16360N2_1.0_0.5,883
16361N2_1.0_1.0,884
16361N2_1.0_0.5,885
16380N2_1.0_1.0,886
16380N2_1.0_0.5,887
16390N2_1.0_1.0,888
16390N2_1.0_0.5,889
16400N2_1.0_1.0,890
16400N2_1.0_0.5,891
16420N2_1.0_1.0,892
16420N2_1.0_0.5,893
16440N2_1.0_1.0,894
16440N2_1.0_0.5,895
16450N2_1.0_1.0,896
16450N2_1.0_0.5,897
16460N2_1.0_1.0,898
16460N2_1.0_0.5,899
16480N2_1.0_1.0,900
16480N2_1.0_0.5,901
16481N2_1.0_1.0,902
16481N2_1.0_0.5,903
16490N2_1.0_0.5,904
16510N2_1.0_1.0,905
16510N2_1.0_0.5,906
17000N2_1.0_1.0,907
17000N2_1.0_0.5,908
17030N2_1.0_1.0,909
17030N2_1.0_0.5,910
17040N2_1.0_1.0,911
17040N2_1.0_0.5,912
17050N2_1.0_1.0,913
17050N2_1.0_0.5,914
17060N2_1.0_1.0,915
17060N2_1.0_0.5,916
17061N2_1.0_1.0,917
17061N2_1.0_0.5,918
17070N2_1.0_1.0,919
17070N2_1.0_0.5,920
17091N3_1.0_1.0,921
17091N3_1.0_0.5,922
17100N2_1.0_1.0,923
17100N2_1.0_0.5,924
17130N2_1.0_1.0,925
17130N2_1.0_0.5,926
17131N2_1.0_1.0,927
17131N2_1.0_0.5,928
17150N2_1.0_1.0,929
17150N2_1.0_0.5,930
17151N2_1.0_1.0,931
17151N2_1.0_0.5,933
17152N2_1.0_1.0,934
17152N2_1.0_0.5,935
17153N2_1.0_1.0,936
17153N2_1.0_0.5,937
17154N2_1.0_1.0,938
17154N2_1.0_0.5,939
17155N2_1.0_1.0,940
17155N2_1.0_0.5,941
17156N2_1.0_1.0,942
17156N2_1.0_0.5,943
17160N3_1.0_1.0,944
17160N3_1.0_0.5,945
17161N3_1.0_1.0,946
17161N3_1.0_0.5,947
17162N3_1.0_1.0,948
17162N3_1.0_0.5,949
17163N3_1.0_1.0,950
17163N3_1.0_0.5,951
17170N2_1.0_1.0,952
17170N2_1.0_0.5,953
17180N2_1.0_1.0,954
17180N2_1.0_0.5,955
17190N2_1.0_1.0,956
17190N2_1.0_0.5,957
17191N2_1.0_1.0,958
17191N2_1.0_0.5,959
17210N2_1.0_1.0,960
17210N2_1.0_0.5,961
17220N2_1.0_1.0,962
17220N2_1.0_0.5,963
17230N2_1.0_1.0,964
17230N2_1.0_0.5,965
17240N3_1.0_1.0,966
17240N3_1.0_0.5,967
18023N3_1.0_1.0,968
18023N3_1.0_0.5,969
18030N2_1.0_1.0,970
18030N2_1.0_0.5,971
18031N2_1.0_1.0,972
18031N2_1.0_0.5,973
18032N2_1.0_1.0,974
18032N2_1.0_0.5,975
18033N2_1.0_1.0,976
18033N2_1.0_0.5,977
18040N3_1.0_1.0,978
18040N3_1.0_0.5,979
18041N3_1.0_1.0,980
18041N3_1.0_0.5,981
18070N2_1.0_1.0,982
18070N2_1.0_0.5,983
18080N2_1.0_1.0,984
18080N2_1.0_0.5,985
18083N2_1.0_1.0,986
18083N2_1.0_0.5,987
18090N2_1.0_1.0,988
18090N2_1.0_0.5,989
18100N2_1.0_1.0,990
18100N2_1.0_0.5,991
18101N2_1.0_1.0,992
18101N2_1.0_0.5,993
18110N2_1.0_1.0,994
18110N2_1.0_0.5,995
18111N2_1.0_1.0,997
18111N2_1.0_0.5,998
18112N2_1.0_1.0,999
18112N2_1.0_0.5,1000
18121N3_1.0_1.0,1001
18121N3_1.0_0.5,1002
18122N3_1.0_1.0,1003
18122N3_1.0_0.5,1004
18130N3_1.0_1.0,1005
18130N3_1.0_0.5,1006
18131N3_1.0_0.5,1007
18133N3_1.0_1.0,1008
18133N3_1.0_0.5,1009
18134N3_1.0_1.0,1010
18134N3_1.0_0.5,1011
18140N2_1.0_1.0,1012
18140N2_1.0_0.5,1013
18141N2_1.0_1.0,1014
18141N2_1.0_0.5,1015
18142N3_1.0_1.0,1016
18142N3_1.0_0.5,1017
18143N3_1.0_1.0,1018
18143N3_1.0_0.5,1019
18161N2_1.0_1.0,1020
18161N2_1.0_0.5,1021
19000N3_1.0_1.0,1022
19000N3_1.0_0.5,1023
19003N3_1.0_1.0,1024
19003N3_1.0_0.5,1025
19010N2_1.0_1.0,1026
19010N2_1.0_0.5,1027
19041N2_1.0_1.0,1028
19041N2_1.0_0.5,1029
19050N2_1.0_1.0,1030
19050N2_1.0_0.5,1031
19051N2_1.0_1.0,1032
19051N2_1.0_0.5,1033
19060N2_1.0_1.0,1034
19060N2_1.0_0.5,1035
19061N2_1.0_1.0,1036
19061N2_1.0_0.5,1037
19070N2_1.0_1.0,1038
19070N2_1.0_0.5,1039
19090N2_1.0_1.0,1040
19090N2_1.0_0.5,1041
19110N2_1.0_1.0,1042
19110N2_1.0_0.5,1043
19130N2_1.0_1.0,1044
19130N2_1.0_0.5,1045
19180N2_1.0_1.0,1046
19180N2_1.0_0.5,1047
19181N2_1.0_1.0,1048
19181N2_1.0_0.5,1049
19182N2_1.0_1.0,1050
19182N2_1.0_0.5,1051
19190N2_1.0_1.0,1052
19190N2_1.0_0.5,1053
19200N2_1.0_1.0,1054
19200N2_1.0_0.5,1055
19210N2_1.0_1.0,1056
19210N2_1.0_0.5,1057
19212N2_1.0_1.0,1058
19212N2_1.0_0.5,1059
19214N2_1.0_1.0,1060
19214N2_1.0_0.5,1061
19220N2_1.0_1.0,1062
19220N2_1.0_0.5,1063
19230N2_1.0_1.0,1064
19230N2_1.0_0.5,1065
19240N3_1.0_1.0,1066
19240N3_1.0_0.5,1067
19241N3_1.0_0.5,1068
19242N3_1.0_1.0,1069
19242N3_1.0_0.5,1070
19260N2_1.0_1.0,1071
19260N2_1.0_0.5,1072
19270N2_1.0_1.0,1073
19270N2_1.0_0.5,1074
19280N2_1.0_1.0,1075
19280N2_1.0_0.5,1076
19281N2_1.0_1.0,1077
19281N2_1.0_0.5,1078
19282N2_1.0_1.0,1079
19282N2_1.0_0.5,1080
19283N2_1.0_1.0,1081
19283N2_1.0_0.5,1082
19290N2_1.0_1.0,1083
19290N2_1.0_0.5,1084
19291N2_1.0_1.0,1085
19291N2_1.0_0.5,1086
19292N2_1.0_1.0,1087
19292N2_1.0_0.5,1088
19310N2_1.0_1.0,1089
19310N2_1.0_0.5,1090
19311N2_1.0_1.0,1091
19311N2_1.0_0.5,1092
19330N2_1.0_1.0,1093
19330N2_1.0_0.5,1094
19340N2_1.0_1.0,1095
19340N2_1.0_0.5,1096
19341N2_1.0_1.0,1097
19341N2_1.0_0.5,1098
19350N2_1.0_1.0,1099
19350N2_1.0_0.5,1100
19351N2_1.0_1.0,1101
19351N2_1.0_0.5,1102
19352N2_1.0_1.0,1103
19352N2_1.0_0.5,1104
19353N2_1.0_1.0,1105
19353N2_1.0_0.5,1106
19360N2_1.0_1.0,1107
19360N2_1.0_0.5,1108
19361N2_1.0_1.0,1109
19361N2_1.0_0.5,1110
19362N2_1.0_1.0,1111
19362N2_1.0_0.5,1112
19363N2_1.0_1.0,1113
19363N2_1.0_0.5,1114
19364N2_1.0_1.0,1115
19364N2_1.0_0.5,1116
19365N2_1.0_1.0,1117
19365N2_1.0_0.5,1118
19366N2_1.0_1.0,1119
19366N2_1.0_0.5,1120
19370N2_1.0_1.0,1121
19370N2_1.0_0.5,1122
19380N2_1.0_1.0,1123
19380N2_1.0_0.5,1124
19390N2_1.0_1.0,1125
19390N2_1.0_0.5,1126
19401N3_1.0_1.0,1127
19401N3_1.0_0.5,1128
19410N2_1.0_1.0,1129
19410N2_1.0_0.5,1130
19411N2_1.0_1.0,1132
19411N2_1.0_0.5,1133
19412N2_1.0_1.0,1134
19412N2_1.0_0.5,1135
19413N2_1.0_1.0,1136
19413N2_1.0_0.5,1137
19420N3_1.0_1.0,1138
19420N3_1.0_0.5,1139
19421N3_1.0_1.0,1140
19421N3_1.0_0.5,1141
19430N2_1.0_1.0,1142
19430N2_1.0_0.5,1143
19450N2_1.0_1.0,1144
19450N2_1.0_0.5,1145
19451N2_1.0_1.0,1146
19451N2_1.0_0.5,1147
19452N2_1.0_1.0,1148
19452N2_1.0_0.5,1149
19453N2_1.0_1.0,1151
19453N2_1.0_0.5,1152
19454N2_1.0_1.0,1153
19454N2_1.0_0.5,1154
19455N2_1.0_1.0,1155
19455N2_1.0_0.5,1156
19456N2_1.0_1.0,1157
19456N2_1.0_0.5,1158
19460N2_1.0_1.0,1159
19460N2_1.0_0.5,1160
19462N2_1.0_1.0,1161
19462N2_1.0_0.5,1162
19470N2_1.0_1.0,1163
19470N2_1.0_0.5,1164
19480N2_1.0_1.0,1165
19480N2_1.0_0.5,1166
19482N2_1.0_1.0,1167
19482N2_1.0_0.5,1168
19490N2_1.0_1.0,1169
19490N2_1.0_0.5,1170
19491N2_1.0_1.0,1171
19491N2_1.0_0.5,1172
19500N2_1.0_1.0,1173
19500N2_1.0_0.5,1174
19510N2_1.0_1.0,1175
19510N2_1.0_0.5,1176
19511N2_1.0_1.0,1177
19511N2_1.0_0.5,1178
19520N2_1.0_1.0,1179
19520N2_1.0_0.5,1180
19521N2_1.0_1.0,1181
19521N2_1.0_0.5,1183
19522N2_1.0_1.0,1184
19522N2_1.0_0.5,1185
19530N2_1.0_1.0,1186
19530N2_1.0_0.5,1187
19531N2_1.0_1.0,1188
19531N2_1.0_0.5,1189
19540N2_1.0_1.0,1190
19540N2_1.0_0.5,1191
19541N2_1.0_1.0,1192
19541N2_1.0_0.5,1193
19550N2_1.0_1.0,1194
19550N2_1.0_0.5,1195
19560N2_1.0_1.0,1196
19560N2_1.0_0.5,1197
19570N2_1.0_1.0,1198
19570N2_1.0_0.5,1199
19571N2_1.0_1.0,1200
19571N2_1.0_0.5,1201
19572N2_1.0_1.0,1202
19572N2_1.0_0.5,1203
19573N2_1.0_1.0,1204
19573N2_1.0_0.5,1205
20000N2_1.0_1.0,1206
20000N2_1.0_0.5,1207
20010N2_1.0_1.0,1208
20010N2_1.0_0.5,1209
20040N2_1.0_1.0,1210
20040N2_1.0_0.5,1211
20050N2_1.0_1.0,1212
20050N2_1.0_0.5,1213
20051N2_1.0_1.0,1214
20051N2_1.0_0.5,1215
20052N2_1.0_1.0,1216
20052N2_1.0_0.5,1217
20070N2_1.0_1.0,1218
20070N2_1.0_0.5,1219
20090N2_1.0_1.0,1220
20090N2_1.0_0.5,1221
20091N2_1.0_1.0,1222
20091N2_1.0_0.5,1223
20110N3_1.0_1.0,1224
20110N3_1.0_0.5,1225
20120N2_1.0_1.0,1226
20120N2_1.0_0.5,1227
20121N3_1.0_1.0,1228
20121N3_1.0_0.5,1229
20130N2_1.0_1.0,1230
20130N2_1.0_0.5,1231
20140N2_1.0_1.0,1232
20140N2_1.0_0.5,1233
20141N2_1.0_1.0,1234
20141N2_1.0_0.5,1235
20142N2_1.0_1.0,1236
20142N2_1.0_0.5,1237
20150N2_1.0_1.0,1238
20150N2_1.0_0.5,1239
20151N2_1.0_1.0,1240
20151N2_1.0_0.5,1241
20152N2_1.0_1.0,1242
20152N2_1.0_0.5,1243
20153N2_1.0_1.0,1244
20153N2_1.0_0.5,1245
20161N2_1.0_1.0,1246
20161N2_1.0_0.5,1247
20162N2_1.0_1.0,1248
20162N2_1.0_0.5,1249
20164N2_1.0_1.0,1250
20164N2_1.0_0.5,1251
20165N2_1.0_1.0,1252
20165N2_1.0_0.5,1253
20166N2_1.0_1.0,1254
20166N2_1.0_0.5,1255
20167N2_1.0_1.0,1256
20167N2_1.0_0.5,1257
20168N2_1.0_1.0,1258
20168N2_1.0_0.5,1259
20169N2_1.0_1.0,1260
20169N2_1.0_0.5,1261
2016aN2_1.0_1.0,1262
2016aN2_1.0_0.5,1263
2016bN2_1.0_1.0,1264
2016bN2_1.0_0.5,1265
20170N2_1.0_1.0,1266
20170N2_1.0_0.5,1267
20172N2_1.0_1.0,1268
20172N2_1.0_0.5,1269
20180N2_1.0_1.0,1270
20180N2_1.0_0.5,1271
20181N2_1.0_1.0,1272
20181N2_1.0_0.5,1273
20182N2_1.0_1.0,1274
20182N2_1.0_0.5,1275
20190N2_1.0_1.0,1276
20190N2_1.0_0.5,1277
20191N2_1.0_1.0,1278
20191N2_1.0_0.5,1279
20201N2_1.0_1.0,1280
20201N2_1.0_0.5,1281
20202N2_1.0_1.0,1282
20202N2_1.0_0.5,1283
20203N2_1.0_1.0,1284
20203N2_1.0_0.5,1285
20210N2_1.0_1.0,1286
20210N2_1.0_0.5,1287
20211N2_1.0_1.0,1288
20211N2_1.0_0.5,1289
20220N2_1.0_1.0,1290
20220N2_1.0_0.5,1291
20250N2_1.0_1.0,1292
20250N2_1.0_0.5,1293
20260N3_1.0_1.0,1294
20260N3_1.0_0.5,1296
20261N3_1.0_1.0,1297
20261N3_1.0_0.5,1299
20280N2_1.0_1.0,1300
20280N2_1.0_0.5,1301
20281N2_1.0_1.0,1302
20281N2_1.0_0.5,1303
20282N2_1.0_1.0,1304
20282N2_1.0_0.5,1305
20290N2_1.0_1.0,1306
20290N2_1.0_0.5,1307
20300N2_1.0_1.0,1308
20300N2_1.0_0.5,1309
20310N2_1.0_1.0,1310
20310N2_1.0_0.5,1311
20311N2_1.0_1.0,1312
20311N2_1.0_0.5,1313
20320N2_1.0_1.0,1314
20320N2_1.0_0.5,1315
20321N2_1.0_1.0,1316
20321N2_1.0_0.5,1317
20331N2_1.0_1.0,1318
20331N2_1.0_0.5,1319
20341N2_1.0_1.0,1320
20341N2_1.0_0.5,1321
20350N2_1.0_1.0,1322
20350N2_1.0_0.5,1323
20360N2_1.0_1.0,1324
20360N2_1.0_0.5,1325
20361N2_1.0_1.0,1326
20361N2_1.0_0.5,1327
20362N2_1.0_1.0,1328
20362N2_1.0_0.5,1329
20370N3_1.0_1.0,1330
20370N3_1.0_0.5,1331
20390N2_1.0_1.0,1332
20390N2_1.0_0.5,1333
20391N2_1.0_1.0,1334
20391N2_1.0_0.5,1335
20392N2_1.0_1.0,1336
20392N2_1.0_0.5,1337
20401N2_1.0_1.0,1338
20401N2_1.0_0.5,1339
20402N2_1.0_1.0,1340
20402N2_1.0_0.5,1341
20403N2_1.0_1.0,1342
20403N2_1.0_0.5,1343
20410N2_1.0_1.0,1344
20410N2_1.0_0.5,1345
20411N2_1.0_1.0,1346
20411N2_1.0_0.5,1347
20421N2_1.0_1.0,1348
20421N2_1.0_0.5,1349
20430N3_1.0_1.0,1350
20430N3_1.0_0.5,1351
20450N2_1.0_1.0,1353
20450N2_1.0_0.5,1354
20470N2_1.0_1.0,1355
20470N2_1.0_0.5,1357
20471N2_1.0_1.0,1358
20471N2_1.0_0.5,1359
20472N2_1.0_1.0,1360
20472N2_1.0_0.5,1361
20473N2_1.0_1.0,1362
20473N2_1.0_0.5,1363
20490N2_1.0_1.0,1364
20490N2_1.0_0.5,1365
20491N2_1.0_1.0,1366
20491N2_1.0_0.5,1367
20510N2_1.0_1.0,1368
20510N2_1.0_0.5,1369
20520N3_1.0_1.0,1370
20520N3_1.0_0.5,1371
20521N3_1.0_1.0,1372
20521N3_1.0_0.5,1373
20530N2_1.0_1.0,1374
20530N2_1.0_0.5,1375
20531N2_1.0_1.0,1376
20531N2_1.0_0.5,1377
20540N2_1.0_1.0,1378
20540N2_1.0_0.5,1379
20541N2_1.0_1.0,1380
20541N2_1.0_0.5,1381
20542N2_1.0_1.0,1382
20542N2_1.0_0.5,1383
20543N2_1.0_1.0,1384
20543N2_1.0_0.5,1385
20544N2_1.0_1.0,1386
20544N2_1.0_0.5,1389
20560N3_1.0_0.5,1390
20564N3_1.0_1.0,1391
20564N3_1.0_0.5,1392
20571N3_1.0_0.5,1393
20580N3_1.0_1.0,1394
20580N3_1.0_0.5,1395
20581N2_1.0_1.0,1396
20581N2_1.0_0.5,1397
20590N2_1.0_1.0,1398
20590N2_1.0_0.5,1399
20600N2_1.0_1.0,1400
20600N2_1.0_0.5,1401
20610N2_1.0_1.0,1402
20610N2_1.0_0.5,1403
20611N2_1.0_1.0,1404
20611N2_1.0_0.5,1405
20620N2_1.0_1.0,1408
20620N2_1.0_0.5,1409
20630N2_1.0_1.0,1410
20630N2_1.0_0.5,1411
20631N2_1.0_1.0,1412
20631N2_1.0_0.5,1413
20640N2_1.0_1.0,1414
20640N2_1.0_0.5,1415
20650N2_1.0_1.0,1416
20650N2_1.0_0.5,1417
20651N3_1.0_1.0,1418
20651N3_1.0_0.5,1419
20652N2_1.0_1.0,1420
20652N2_1.0_0.5,1421
20653N2_1.0_1.0,1422
20653N2_1.0_0.5,1423
20670N3_1.0_1.0,1424
20670N3_1.0_0.5,1425
20671N2_1.0_1.0,1426
20671N2_1.0_0.5,1427
20672N2_1.0_1.0,1428
20672N2_1.0_0.5,1429
21000N2_1.0_1.0,1430
21000N2_1.0_0.5,1431
21010N2_1.0_1.0,1432
21010N2_1.0_0.5,1433
21011N2_1.0_1.0,1434
21011N2_1.0_0.5,1435
21012N2_1.0_1.0,1436
21012N2_1.0_0.5,1437
21013N2_1.0_1.0,1438
21013N2_1.0_0.5,1439
21014N2_1.0_1.0,1440
21014N2_1.0_0.5,1441
21020N2_1.0_1.0,1442
21020N2_1.0_0.5,1443
21021N2_1.0_1.0,1444
21021N2_1.0_0.5,1445
21030N2_1.0_1.0,1446
21030N2_1.0_0.5,1447
21031N2_1.0_1.0,1448
21031N2_1.0_0.5,1449
21032N2_1.0_1.0,1450
21032N2_1.0_0.5,1451
21033N2_1.0_1.0,1452
21033N2_1.0_0.5,1453
21034N2_1.0_1.0,1454
21034N2_1.0_0.5,1455
21035N2_1.0_1.0,1456
21035N2_1.0_0.5,1457
21040N3_1.0_1.0,1458
21040N3_1.0_0.5,1459
21041N3_1.0_1.0,1460
21041N3_1.0_0.5,1461
21050N2_1.0_1.0,1462
21050N2_1.0_0.5,1463
21051N2_1.0_1.0,1464
21051N2_1.0_0.5,1465
21052N2_1.0_1.0,1466
21052N2_1.0_0.5,1467
21053N2_1.0_1.0,1468
21053N2_1.0_0.5,1469
21080N2_1.0_1.0,1470
21080N2_1.0_0.5,1471
21081N2_1.0_1.0,1472
21081N2_1.0_0.5,1473
21082N2_1.0_1.0,1474
21082N2_1.0_0.5,1475
21091N3_1.0_0.5,1476
21100N2_1.0_1.0,1477
21100N2_1.0_0.5,1478
21101N2_1.0_1.0,1479
21101N2_1.0_0.5,1480
21110N3_1.0_1.0,1481
21110N3_1.0_0.5,1482
21111N3_1.0_1.0,1483
21111N3_1.0_0.5,1484
21120N2_1.0_1.0,1485
21120N2_1.0_0.5,1486
21140N2_1.0_1.0,1487
21140N2_1.0_0.5,1488
21170N2_1.0_1.0,1489
21170N2_1.0_0.5,1490
21181N2_1.0_1.0,1491
21181N2_1.0_0.5,1492
21190N2_1.0_1.0,1493
21190N2_1.0_0.5,1494
21191N2_1.0_1.0,1495
21191N2_1.0_0.5,1496
21200N2_1.0_1.0,1497
21200N2_1.0_0.5,1498
21201N2_1.0_1.0,1499
21201N2_1.0_0.5,1500
21220N2_1.0_1.0,1501
21220N2_1.0_0.5,1502
21230N2_1.0_1.0,1503
21230N2_1.0_0.5,1504
21250N2_1.0_1.0,1505
21250N2_1.0_0.5,1506
21251N2_1.0_1.0,1507
21251N2_1.0_0.5,1508
21260N2_1.0_1.0,1509
21260N2_1.0_0.5,1510
21270N3_1.0_1.0,1511
21270N3_1.0_0.5,1512
21271N3_1.0_1.0,1513
21271N3_1.0_0.5,1514
21280N3_1.0_1.0,1515
21280N3_1.0_0.5,1516
21290N2_1.0_1.0,1517
21290N2_1.0_0.5,1518
21291N3_1.0_1.0,1519
21291N3_1.0_0.5,1520
21310N2_1.0_1.0,1521
21310N2_1.0_0.5,1522
21311N3_1.0_1.0,1523
21311N3_1.0_0.5,1524
21312N2_1.0_1.0,1525
21312N2_1.0_0.5,1526
21313N3_1.0_1.0,1527
21313N3_1.0_0.5,1528
21314N2_1.0_1.0,1529
21314N2_1.0_0.5,1530
21315N3_1.0_1.0,1531
21315N3_1.0_0.5,1532
21320N2_1.0_1.0,1533
21320N2_1.0_0.5,1534
05001N2_2.0_1.0,1536
05001N2_2.0_0.5,1537
07000N2_2.0_1.0,1538
07000N2_2.0_0.5,1539
07002N2_2.0_1.0,1540
07002N2_2.0_0.5,1541
07010N3_2.0_1.0,1542
07010N3_2.0_0.5,1543
07011N3_2.0_1.0,1544
07011N3_2.0_0.5,1545
07012N3_2.0_1.0,1546
07012N3_2.0_0.5,1547
07013N3_2.0_1.0,1548
07013N3_2.0_0.5,1549
08000N3_2.0_1.0,1550
08000N3_2.0_0.5,1551
09000N3_2.0_1.0,1552
09000N3_2.0_0.5,1553
10010N2_2.0_1.0,1554
10010N2_2.0_0.5,1555
10020N2_2.0_1.0,1556
10020N2_2.0_0.5,1557
11002N2_2.0_1.0,1558
11002N2_2.0_0.5,1559
11003N2_2.0_1.0,1560
11003N2_2.0_0.5,1561
11020N2_2.0_1.0,1562
11020N2_2.0_0.5,1563
11030N2_2.0_1.0,1564
11030N2_2.0_0.5,1565
11031N2_2.0_1.0,1566
11031N2_2.0_0.5,1567
11040N2_2.0_1.0,1568
11040N2_2.0_0.5,1569
12000N2_2.0_1.0,1570
12000N2_2.0_0.5,1571
12010N2_2.0_1.0,1572
12010N2_2.0_0.5,1573
12011N2_2.0_1.0,1574
12011N2_2.0_0.5,1575
12012N2_2.0_1.0,1576
12012N2_2.0_0.5,1577
12022N2_2.0_1.0,1578
12022N2_2.0_0.5,1579
12023N2_2.0_1.0,1580
12023N2_2.0_0.5,1581
12024N2_2.0_1.0,1582
12024N2_2.0_0.5,1583
12040N2_2.0_1.0,1584
12040N2_2.0_0.5,1585
12050N2_2.0_0.5,1586
12060N2_2.0_1.0,1587
12060N2_2.0_0.5,1588
12061N2_2.0_1.0,1589
12061N2_2.0_0.5,1590
12062N2_2.0_1.0,1591
12062N2_2.0_0.5,1592
13010N2_2.0_1.0,1593
13010N2_2.0_0.5,1594
13012N2_2.0_1.0,1595
13012N2_2.0_0.5,1596
13020N2_2.0_1.0,1597
13020N2_2.0_0.5,1598
13040N3_2.0_0.5,1600
13060N2_2.0_1.0,1601
13060N2_2.0_0.5,1602
13072N2_2.0_1.0,1603
13072N2_2.0_0.5,1604
13100N2_2.0_1.0,1605
13100N2_2.0_0.5,1606
13110N2_2.0_1.0,1607
13110N2_2.0_0.5,1608
13120N2_2.0_1.0,1609
13120N2_2.0_0.5,1610
13121N2_2.0_1.0,1611
13121N2_2.0_0.5,1612
13122N2_2.0_1.0,1613
13122N2_2.0_0.5,1614
13123N2_2.0_1.0,1615
13123N2_2.0_0.5,1616
13130N2_2.0_1.0,1617
13130N2_2.0_0.5,1618
13150N2_2.0_1.0,1619
13150N2_2.0_0.5,1620
13160N2_2.0_1.0,1621
13160N2_2.0_0.5,1622
13161N2_2.0_1.0,1623
13161N2_2.0_0.5,1624
13170N2_2.0_1.0,1625
13170N2_2.0_0.5,1626
13180N3_2.0_1.0,1627
13181N3_2.0_0.5,1628
13182N3_2.0_0.5,1629
13190N2_2.0_1.0,1630
13190N2_2.0_0.5,1631
13191N2_2.0_1.0,1632
13191N2_2.0_0.5,1633
14010N2_2.0_1.0,1634
14010N2_2.0_0.5,1635
14020N2_2.0_1.0,1636
14020N2_2.0_0.5,1637
14030N2_2.0_1.0,1638
14030N2_2.0_0.5,1639
14040N2_2.0_1.0,1640
14040N2_2.0_0.5,1641
14060N2_2.0_1.0,1642
14060N2_2.0_0.5,1643
14070N2_2.0_1.0,1644
14070N2_2.0_0.5,1645
14071N2_2.0_1.0,1646
14071N2_2.0_0.5,1647
14072N2_2.0_1.0,1648
14072N2_2.0_0.5,1649
14073N2_2.0_1.0,1650
14073N2_2.0_0.5,1651
14080N2_2.0_1.0,1652
14080N2_2.0_0.5,1653
14090N2_2.0_1.0,1654
14090N2_2.0_0.5,1655
14091N2_2.0_1.0,1656
14091N2_2.0_0.5,1657
15010N2_2.0_1.0,1658
15010N2_2.0_0.5,1659
15020N2_2.0_1.0,1660
15020N2_2.0_0.5,1661
15021N2_2.0_1.0,1662
15021N2_2.0_0.5,1663
15030N2_2.0_1.0,1664
15030N2_2.0_0.5,1665
15031N2_2.0_1.0,1666
15031N2_2.0_0.5,1667
15040N2_2.0_1.0,1668
15040N2_2.0_0.5,1669
15060N2_2.0_1.0,1670
15060N2_2.0_0.5,1671
15061N2_2.0_1.0,1672
15061N2_2.0_0.5,1673
15070N2_2.0_1.0,1674
15070N2_2.0_0.5,1675
15071N2_2.0_1.0,1676
15071N2_2.0_0.5,1677
15072N2_2.0_1.0,1678
15072N2_2.0_0.5,1679
15080N2_2.0_1.0,1680
15080N2_2.0_0.5,1681
15081N2_2.0_1.0,1682
15081N2_2.0_0.5,1683
15090N2_2.0_1.0,1684
15090N2_2.0_0.5,1685
15091N2_2.0_1.0,1686
15091N2_2.0_0.5,1687
15100N2_2.0_1.0,1688
15100N2_2.0_0.5,1689
15110N2_2.0_1.0,1690
15110N2_2.0_0.5,1691
15111N2_2.0_1.0,1692
15111N2_2.0_0.5,1693
15131N2_2.0_1.0,1694
15131N2_2.0_0.5,1695
15140N2_2.0_1.0,1696
15140N2_2.0_0.5,1697
15150N2_2.0_1.0,1698
15150N2_2.0_0.5,1699
15161N2_2.0_1.0,1700
15161N2_2.0_0.5,1701
15162N2_2.0_1.0,1702
15162N2_2.0_0.5,1703
15163N2_2.0_1.0,1704
15163N2_2.0_0.5,1705
15170N2_2.0_1.0,1706
15170N2_2.0_0.5,1707
15171N2_2.0_1.0,1708
15171N2_2.0_0.5,1709
15180N2_2.0_1.0,1710
15180N2_2.0_0.5,1711
15181N2_2.0_1.0,1712
15181N2_2.0_0.5,1713
15182N2_2.0_1.0,1714
15182N2_2.0_0.5,1715
15183N2_2.0_1.0,1716
15183N2_2.0_0.5,1717
15184N2_2.0_1.0,1718
15184N2_2.0_0.5,1719
15185N2_2.0_1.0,1720
15185N2_2.0_0.5,1721
15186N2_2.0_1.0,1722
15186N2_2.0_0.5,1723
15220N2_2.0_1.0,1724
15220N2_2.0_0.5,1725
15240N2_2.0_1.0,1726
15240N2_2.0_0.5,1727
15250N2_2.0_1.0,1728
15250N2_2.0_0.5,1729
15251N2_2.0_1.0,1730
15251N2_2.0_0.5,1731
15252N2_2.0_1.0,1733
15252N2_2.0_0.5,1734
15253N2_2.0_1.0,1735
15253N2_2.0_0.5,1736
16011N2_2.0_1.0,1737
16011N2_2.0_0.5,1738
16030N2_2.0_1.0,1739
16030N2_2.0_0.5,1740
16031N2_2.0_1.0,1741
16031N2_2.0_0.5,1742
16032N2_2.0_1.0,1743
16032N2_2.0_0.5,1744
16040N2_2.0_1.0,1745
16040N2_2.0_0.5,1746
16041N2_2.0_1.0,1747
16041N2_2.0_0.5,1748
16050N2_2.0_1.0,1749
16050N2_2.0_0.5,1750
16051N2_2.0_1.0,1752
16051N2_2.0_0.5,1753
16052N2_2.0_1.0,1754
16052N2_2.0_0.5,1755
16053N2_2.0_1.0,1756
16053N2_2.0_0.5,1757
16054N2_2.0_1.0,1758
16054N2_2.0_0.5,1759
16055N2_2.0_1.0,1760
16055N2_2.0_0.5,1761
16056N2_2.0_1.0,1762
16056N2_2.0_0.5,1763
16057N2_2.0_1.0,1764
16057N2_2.0_0.5,1765
16060N2_2.0_1.0,1766
16060N2_2.0_0.5,1767
16061N2_2.0_1.0,1768
16061N2_2.0_0.5,1769
16080N2_2.0_1.0,1770
16080N2_2.0_0.5,1771
16110N3_2.0_1.0,1772
16110N3_2.0_0.5,1773
16111N3_2.0_1.0,1774
16111N3_2.0_0.5,1775
16130N3_2.0_1.0,1776
16130N3_2.0_0.5,1777
16140N2_2.0_1.0,1778
16140N2_2.0_0.5,1779
16141N2_2.0_1.0,1780
16141N2_2.0_0.5,1781
16142N2_2.0_1.0,1782
16142N2_2.0_0.5,1784
16170N2_2.0_1.0,1785
16170N2_2.0_0.5,1786
16171N2_2.0_1.0,1787
16171N2_2.0_0.5,1788
16172N2_2.0_1.0,1789
16172N2_2.0_0.5,1790
16173N2_2.0_1.0,1791
16173N2_2.0_0.5,1792
16174N2_2.0_1.0,1793
16174N2_2.0_0.5,1794
16190N2_2.0_1.0,1795
16190N2_2.0_0.5,1796
16191N2_2.0_1.0,1797
16191N2_2.0_0.5,1798
16230N2_2.0_1.0,1799
16230N2_2.0_0.5,1800
16250N3_2.0_1.0,1801
16250N3_2.0_0.5,1802
16251N3_2.0_1.0,1803
16251N3_2.0_0.5,1804
16271N2_2.0_1.0,1805
16271N2_2.0_0.5,1806
16272N2_2.0_1.0,1807
16272N2_2.0_0.5,1808
16273N2_2.0_1.0,1809
16273N2_2.0_0.5,1810
16310N2_2.0_1.0,1811
16310N2_2.0_0.5,1812
16311N2_2.0_1.0,1813
16311N2_2.0_0.5,1814
16312N2_2.0_1.0,1815
16312N2_2.0_0.5,1816
16330N2_2.0_1.0,1817
16330N2_2.0_0.5,1818
16331N2_2.0_1.0,1819
16331N2_2.0_0.5,1820
16340N2_2.0_1.0,1821
16340N2_2.0_0.5,1822
16360N2_2.0_1.0,1823
16360N2_2.0_0.5,1824
16361N2_2.0_1.0,1825
16361N2_2.0_0.5,1826
16380N2_2.0_1.0,1827
16380N2_2.0_0.5,1828
16390N2_2.0_1.0,1829
16390N2_2.0_0.5,1830
16400N2_2.0_1.0,1831
16400N2_2.0_0.5,1832
16420N2_2.0_1.0,1833
16420N2_2.0_0.5,1834
16440N2_2.0_1.0,1835
16440N2_2.0_0.5,1836
16450N2_2.0_1.0,1837
16450N2_2.0_0.5,1838
16460N2_2.0_1.0,1839
16460N2_2.0_0.5,1840
16480N2_2.0_1.0,1841
16480N2_2.0_0.5,1842
16481N2_2.0_1.0,1843
16481N2_2.0_0.5,1844
16510N2_2.0_1.0,1845
16510N2_2.0_0.5,1846
17000N2_2.0_1.0,1847
17000N2_2.0_0.5,1848
17030N2_2.0_1.0,1849
17030N2_2.0_0.5,1850
17040N2_2.0_1.0,1851
17040N2_2.0_0.5,1852
17050N2_2.0_1.0,1853
17050N2_2.0_0.5,1854
17060N2_2.0_1.0,1855
17060N2_2.0_0.5,1856
17061N2_2.0_1.0,1857
17061N2_2.0_0.5,1858
17070N2_2.0_1.0,1859
17070N2_2.0_0.5,1860
17091N3_2.0_0.5,1861
17100N2_2.0_1.0,1862
17100N2_2.0_0.5,1863
17130N2_2.0_1.0,1864
17130N2_2.0_0.5,1865
17131N2_2.0_1.0,1866
17131N2_2.0_0.5,1867
17150N2_2.0_1.0,1868
17150N2_2.0_0.5,1869
17151N2_2.0_1.0,1870
17151N2_2.0_0.5,1871
17152N2_2.0_1.0,1872
17152N2_2.0_0.5,1873
17153N2_2.0_1.0,1874
17153N2_2.0_0.5,1875
17154N2_2.0_1.0,1876
17154N2_2.0_0.5,1877
17155N2_2.0_1.0,1878
17155N2_2.0_0.5,1879
17156N2_2.0_1.0,1880
17156N2_2.0_0.5,1881
17160N3_2.0_1.0,1882
17160N3_2.0_0.5,1883
17161N3_2.0_1.0,1884
17161N3_2.0_0.5,1885
17162N3_2.0_1.0,1886
17162N3_2.0_0.5,1887
17163N3_2.0_1.0,1888
17163N3_2.0_0.5,1889
17170N2_2.0_1.0,1890
17170N2_2.0_0.5,1891
17180N2_2.0_1.0,1892
17180N2_2.0_0.5,1893
17190N2_2.0_1.0,1894
17190N2_2.0_0.5,1896
17191N2_2.0_1.0,1897
17191N2_2.0_0.5,1899
17210N2_2.0_1.0,1900
17210N2_2.0_0.5,1901
17220N2_2.0_1.0,1902
17220N2_2.0_0.5,1903
17230N2_2.0_1.0,1904
17230N2_2.0_0.5,1905
17240N3_2.0_1.0,1906
17240N3_2.0_0.5,1907
18023N3_2.0_1.0,1908
18023N3_2.0_0.5,1909
18030N2_2.0_1.0,1910
18030N2_2.0_0.5,1911
18031N2_2.0_1.0,1912
18031N2_2.0_0.5,1913
18032N2_2.0_1.0,1914
18032N2_2.0_0.5,1915
18033N2_2.0_1.0,1916
18033N2_2.0_0.5,1917
18040N3_2.0_1.0,1918
18040N3_2.0_0.5,1919
18041N3_2.0_1.0,1920
18041N3_2.0_0.5,1921
18070N2_2.0_1.0,1922
18070N2_2.0_0.5,1923
18080N2_2.0_1.0,1924
18080N2_2.0_0.5,1925
18083N2_2.0_1.0,1926
18083N2_2.0_0.5,1927
18090N2_2.0_1.0,1928
18090N2_2.0_0.5,1929
18100N2_2.0_1.0,1930
18100N2_2.0_0.5,1931
18101N2_2.0_1.0,1932
18101N2_2.0_0.5,1933
18110N2_2.0_1.0,1934
18110N2_2.0_0.5,1935
18111N2_2.0_1.0,1936
18111N2_2.0_0.5,1937
18112N2_2.0_1.0,1938
18112N2_2.0_0.5,1939
18121N3_2.0_0.5,1940
18122N3_2.0_1.0,1941
18122N3_2.0_0.5,1942
18130N3_2.0_1.0,1943
18130N3_2.0_0.5,1944
18133N3_2.0_1.0,1945
18133N3_2.0_0.5,1946
18134N3_2.0_1.0,1947
18134N3_2.0_0.5,1948
18140N2_2.0_1.0,1949
18140N2_2.0_0.5,1950
18141N2_2.0_1.0,1951
18141N2_2.0_0.5,1953
18142N3_2.0_1.0,1954
18142N3_2.0_0.5,1955
18143N3_2.0_1.0,1957
18143N3_2.0_0.5,1958
18161N2_2.0_1.0,1959
18161N2_2.0_0.5,1960
19000N3_2.0_1.0,1961
19000N3_2.0_0.5,1962
19003N3_2.0_1.0,1963
19003N3_2.0_0.5,1964
19010N2_2.0_1.0,1965
19010N2_2.0_0.5,1966
19041N2_2.0_1.0,1967
19041N2_2.0_0.5,1968
19050N2_2.0_1.0,1969
19050N2_2.0_0.5,1970
19051N2_2.0_1.0,1971
19051N2_2.0_0.5,1972
19060N2_2.0_1.0,1973
19060N2_2.0_0.5,1974
19061N2_2.0_1.0,1975
19061N2_2.0_0.5,1976
19070N2_2.0_1.0,1977
19070N2_2.0_0.5,1978
19090N2_2.0_1.0,1979
19090N2_2.0_0.5,1980
19110N2_2.0_1.0,1981
19110N2_2.0_0.5,1982
19130N2_2.0_1.0,1983
19130N2_2.0_0.5,1984
19180N2_2.0_1.0,1985
19180N2_2.0_0.5,1986
19181N2_2.0_1.0,1989
19181N2_2.0_0.5,1990
19182N2_2.0_1.0,1991
19182N2_2.0_0.5,1992
19190N2_2.0_1.0,1993
19190N2_2.0_0.5,1994
19200N2_2.0_1.0,1995
19200N2_2.0_0.5,1996
19210N2_2.0_1.0,1997
19210N2_2.0_0.5,1998
19212N2_2.0_1.0,1999
19212N2_2.0_0.5,2000
19214N2_2.0_1.0,2001
19214N2_2.0_0.5,2002
19220N2_2.0_1.0,2003
19220N2_2.0_0.5,2004
19230N2_2.0_1.0,2005
19230N2_2.0_0.5,2008
19240N3_2.0_0.5,2009
19241N3_2.0_0.5,2010
19242N3_2.0_0.5,2011
19260N2_2.0_1.0,2012
19260N2_2.0_0.5,2013
19270N2_2.0_1.0,2014
19270N2_2.0_0.5,2015
19280N2_2.0_1.0,2016
19280N2_2.0_0.5,2017
19281N2_2.0_1.0,2018
19281N2_2.0_0.5,2019
19282N2_2.0_1.0,2020
19282N2_2.0_0.5,2021
19283N2_2.0_1.0,2022
19283N2_2.0_0.5,2023
19290N2_2.0_1.0,2024
19290N2_2.0_0.5,2025
19291N2_2.0_1.0,2026
19291N2_2.0_0.5,2027
19292N2_2.0_1.0,2028
19292N2_2.0_0.5,2029
19310N2_2.0_1.0,2030
19310N2_2.0_0.5,2031
19311N2_2.0_1.0,2032
19311N2_2.0_0.5,2033
19330N2_2.0_1.0,2034
19330N2_2.0_0.5,2035
19340N2_2.0_1.0,2036
19340N2_2.0_0.5,2037
19341N2_2.0_1.0,2038
19341N2_2.0_0.5,2039
19350N2_2.0_1.0,2040
19350N2_2.0_0.5,2041
19351N2_2.0_1.0,2042
19351N2_2.0_0.5,2043
19352N2_2.0_1.0,2044
19352N2_2.0_0.5,2045
19353N2_2.0_1.0,2046
19353N2_2.0_0.5,2047
19360N2_2.0_1.0,2048
19360N2_2.0_0.5,2049
19361N2_2.0_1.0,2050
19361N2_2.0_0.5,2051
19362N2_2.0_1.0,2052
19362N2_2.0_0.5,2053
19363N2_2.0_1.0,2054
19363N2_2.0_0.5,2055
19364N2_2.0_1.0,2056
19364N2_2.0_0.5,2057
19365N2_2.0_1.0,2058
19365N2_2.0_0.5,2059
19366N2_2.0_1.0,2060
19366N2_2.0_0.5,2061
19370N2_2.0_1.0,2062
19370N2_2.0_0.5,2063
19380N2_2.0_1.0,2064
19380N2_2.0_0.5,2065
19390N2_2.0_1.0,2066
19390N2_2.0_0.5,2067
19401N3_2.0_1.0,2068
19401N3_2.0_0.5,2069
19410N2_2.0_1.0,2070
19410N2_2.0_0.5,2071
19411N2_2.0_1.0,2072
19411N2_2.0_0.5,2073
19412N2_2.0_1.0,2074
19412N2_2.0_0.5,2075
19413N2_2.0_1.0,2076
19413N2_2.0_0.5,2077
19420N3_2.0_1.0,2078
19420N3_2.0_0.5,2079
19421N3_2.0_1.0,2080
19421N3_2.0_0.5,2081
19430N2_2.0_1.0,2082
19430N2_2.0_0.5,2083
19450N2_2.0_1.0,2084
19450N2_2.0_0.5,2085
19451N2_2.0_1.0,2086
19451N2_2.0_0.5,2087
19452N2_2.0_1.0,2088
19452N2_2.0_0.5,2089
19453N2_2.0_1.0,2090
19453N2_2.0_0.5,2091
19454N2_2.0_1.0,2092
19454N2_2.0_0.5,2093
19455N2_2.0_1.0,2094
19455N2_2.0_0.5,2095
19456N2_2.0_1.0,2096
19456N2_2.0_0.5,2097
19460N2_2.0_1.0,2098
19460N2_2.0_0.5,2099
19462N2_2.0_1.0,2100
19462N2_2.0_0.5,2101
19470N2_2.0_1.0,2102
19470N2_2.0_0.5,2103
19480N2_2.0_1.0,2104
19480N2_2.0_0.5,2105
19482N2_2.0_1.0,2106
19482N2_2.0_0.5,2107
19490N2_2.0_1.0,2108
19490N2_2.0_0.5,2109
19491N2_2.0_1.0,2110
19491N2_2.0_0.5,2111
19500N2_2.0_1.0,2112
19500N2_2.0_0.5,2113
19510N2_2.0_1.0,2114
19510N2_2.0_0.5,2115
19511N2_2.0_1.0,2116
19511N2_2.0_0.5,2117
19520N2_2.0_1.0,2118
19520N2_2.0_0.5,2119
19521N2_2.0_1.0,2120
19521N2_2.0_0.5,2122
19522N2_2.0_1.0,2123
19522N2_2.0_0.5,2124
19530N2_2.0_1.0,2125
19530N2_2.0_0.5,2126
19531N2_2.0_1.0,2127
19531N2_2.0_0.5,2128
19540N2_2.0_1.0,2129
19540N2_2.0_0.5,2130
19541N2_2.0_1.0,2131
19541N2_2.0_0.5,2132
19550N2_2.0_1.0,2133
19550N2_2.0_0.5,2134
19560N2_2.0_1.0,2135
19560N2_2.0_0.5,2136
19570N2_2.0_1.0,2137
19570N2_2.0_0.5,2138
19571N2_2.0_1.0,2139
19571N2_2.0_0.5,2140
19572N2_2.0_1.0,2141
19572N2_2.0_0.5,2142
19573N2_2.0_1.0,2143
19573N2_2.0_0.5,2144
20000N2_2.0_1.0,2145
20000N2_2.0_0.5,2146
20010N2_2.0_1.0,2147
20010N2_2.0_0.5,2148
20040N2_2.0_1.0,2149
20040N2_2.0_0.5,2150
20050N2_2.0_1.0,2151
20050N2_2.0_0.5,2152
20051N2_2.0_1.0,2153
20051N2_2.0_0.5,2154
20052N2_2.0_1.0,2155
20052N2_2.0_0.5,2156
20070N2_2.0_1.0,2157
20070N2_2.0_0.5,2158
20090N2_2.0_1.0,2159
20090N2_2.0_0.5,2160
20091N2_2.0_1.0,2161
20091N2_2.0_0.5,2162
20110N3_2.0_1.0,2163
20110N3_2.0_0.5,2164
20120N2_2.0_1.0,2165
20120N2_2.0_0.5,2166
20121N3_2.0_1.0,2167
20121N3_2.0_0.5,2168
20130N2_2.0_1.0,2169
20130N2_2.0_0.5,2170
20140N2_2.0_1.0,2171
20140N2_2.0_0.5,2172
20141N2_2.0_1.0,2174
20141N2_2.0_0.5,2175
20142N2_2.0_1.0,2176
20142N2_2.0_0.5,2177
20150N2_2.0_1.0,2178
20150N2_2.0_0.5,2179
20151N2_2.0_1.0,2180
20151N2_2.0_0.5,2181
20152N2_2.0_1.0,2182
20152N2_2.0_0.5,2183
20153N2_2.0_1.0,2184
20153N2_2.0_0.5,2185
20161N2_2.0_1.0,2186
20161N2_2.0_0.5,2187
20162N2_2.0_1.0,2188
20162N2_2.0_0.5,2189
20164N2_2.0_1.0,2190
20164N2_2.0_0.5,2191
20165N2_2.0_1.0,2192
20165N2_2.0_0.5,2193
20166N2_2.0_1.0,2194
20166N2_2.0_0.5,2195
20167N2_2.0_1.0,2196
20167N2_2.0_0.5,2197
20168N2_2.0_1.0,2198
20168N2_2.0_0.5,2199
20169N2_2.0_1.0,2200
20169N2_2.0_0.5,2201
2016aN2_2.0_1.0,2202
2016aN2_2.0_0.5,2203
2016bN2_2.0_1.0,2204
2016bN2_2.0_0.5,2205
20170N2_2.0_1.0,2206
20170N2_2.0_0.5,2207
20172N2_2.0_1.0,2208
20172N2_2.0_0.5,2209
20180N2_2.0_1.0,2210
20180N2_2.0_0.5,2211
20181N2_2.0_1.0,2212
20181N2_2.0_0.5,2213
20182N2_2.0_1.0,2214
20182N2_2.0_0.5,2215
20190N2_2.0_1.0,2216
20190N2_2.0_0.5,2217
20191N2_2.0_1.0,2218
20191N2_2.0_0.5,2219
20201N2_2.0_1.0,2220
20201N2_2.0_0.5,2221
20202N2_2.0_1.0,2222
20202N2_2.0_0.5,2223
20203N2_2.0_1.0,2224
20203N2_2.0_0.5,2225
20210N2_2.0_1.0,2226
20210N2_2.0_0.5,2227
20211N2_2.0_1.0,2228
20211N2_2.0_0.5,2229
20220N2_2.0_1.0,2230
20220N2_2.0_0.5,2231
20250N2_2.0_1.0,2232
20250N2_2.0_0.5,2233
20260N3_2.0_1.0,2234
20260N3_2.0_0.5,2235
20261N3_2.0_1.0,2236
20261N3_2.0_0.5,2237
20280N2_2.0_1.0,2238
20280N2_2.0_0.5,2239
20281N2_2.0_1.0,2240
20281N2_2.0_0.5,2241
20282N2_2.0_1.0,2242
20282N2_2.0_0.5,2243
20290N2_2.0_1.0,2244
20290N2_2.0_0.5,2245
20300N2_2.0_1.0,2246
20300N2_2.0_0.5,2247
20310N2_2.0_1.0,2248
20310N2_2.0_0.5,2249
20311N2_2.0_1.0,2250
20311N2_2.0_0.5,2251
20320N2_2.0_1.0,2252
20320N2_2.0_0.5,2253
20321N2_2.0_1.0,2254
20321N2_2.0_0.5,2255
20331N2_2.0_1.0,2256
20331N2_2.0_0.5,2257
20341N2_2.0_1.0,2258
20341N2_2.0_0.5,2259
20350N2_2.0_1.0,2260
20350N2_2.0_0.5,2261
20360N2_2.0_1.0,2262
20360N2_2.0_0.5,2263
20361N2_2.0_1.0,2264
20361N2_2.0_0.5,2265
20362N2_2.0_1.0,2266
20362N2_2.0_0.5,2267
20370N3_2.0_1.0,2268
20370N3_2.0_0.5,2269
20390N2_2.0_1.0,2271
20390N2_2.0_0.5,2272
20391N2_2.0_1.0,2273
20391N2_2.0_0.5,2274
20392N2_2.0_1.0,2275
20392N2_2.0_0.5,2276
20401N2_2.0_1.0,2277
20401N2_2.0_0.5,2278
20402N2_2.0_1.0,2279
20402N2_2.0_0.5,2280
20403N2_2.0_1.0,2281
20403N2_2.0_0.5,2282
20410N2_2.0_1.0,2283
20410N2_2.0_0.5,2284
20411N2_2.0_1.0,2285
20411N2_2.0_0.5,2287
20421N2_2.0_1.0,2288
20421N2_2.0_0.5,2289
20430N3_2.0_1.0,2290
20430N3_2.0_0.5,2291
20450N2_2.0_1.0,2292
20450N2_2.0_0.5,2293
20470N2_2.0_1.0,2294
20470N2_2.0_0.5,2295
20471N2_2.0_1.0,2296
20471N2_2.0_0.5,2297
20472N2_2.0_1.0,2298
20472N2_2.0_0.5,2299
20473N2_2.0_1.0,2300
20473N2_2.0_0.5,2301
20490N2_2.0_1.0,2302
20490N2_2.0_0.5,2303
20491N2_2.0_1.0,2304
20491N2_2.0_0.5,2305
20510N2_2.0_1.0,2306
20510N2_2.0_0.5,2307
20520N3_2.0_1.0,2308
20520N3_2.0_0.5,2309
20521N3_2.0_1.0,2310
20521N3_2.0_0.5,2311
20530N2_2.0_1.0,2312
20530N2_2.0_0.5,2313
20531N2_2.0_1.0,2314
20531N2_2.0_0.5,2315
20540N2_2.0_1.0,2317
20540N2_2.0_0.5,2318
20541N2_2.0_1.0,2319
20541N2_2.0_0.5,2320
20542N2_2.0_1.0,2321
20542N2_2.0_0.5,2322
20543N2_2.0_1.0,2323
20543N2_2.0_0.5,2324
20544N2_2.0_1.0,2325
20544N2_2.0_0.5,2326
20560N3_2.0_0.5,2327
20564N3_2.0_1.0,2328
20564N3_2.0_0.5,2329
20571N3_2.0_0.5,2330
20580N3_2.0_1.0,2331
20580N3_2.0_0.5,2332
20581N2_2.0_1.0,2333
20581N2_2.0_0.5,2334
20590N2_2.0_1.0,2335
20590N2_2.0_0.5,2336
20600N2_2.0_1.0,2337
20600N2_2.0_0.5,2338
20610N2_2.0_1.0,2339
20610N2_2.0_0.5,2340
20611N2_2.0_1.0,2341
20611N2_2.0_0.5,2342
20620N2_2.0_1.0,2343
20620N2_2.0_0.5,2344
20630N2_2.0_1.0,2345
20630N2_2.0_0.5,2346
20631N2_2.0_1.0,2347
20631N2_2.0_0.5,2348
20640N2_2.0_1.0,2349
20640N2_2.0_0.5,2350
20650N2_2.0_1.0,2351
20650N2_2.0_0.5,2352
20651N3_2.0_1.0,2353
20651N3_2.0_0.5,2354
20652N2_2.0_1.0,2355
20652N2_2.0_0.5,2356
20653N2_2.0_1.0,2357
20653N2_2.0_0.5,2358
20670N3_2.0_1.0,2359
20670N3_2.0_0.5,2360
20671N2_2.0_1.0,2361
20671N2_2.0_0.5,2362
20672N2_2.0_1.0,2363
20672N2_2.0_0.5,2364
21000N2_2.0_1.0,2365
21000N2_2.0_0.5,2366
21010N2_2.0_1.0,2367
21010N2_2.0_0.5,2368
21011N2_2.0_1.0,2369
21011N2_2.0_0.5,2370
21012N2_2.0_1.0,2371
21012N2_2.0_0.5,2372
21013N2_2.0_1.0,2373
21013N2_2.0_0.5,2374
21014N2_2.0_1.0,2375
21014N2_2.0_0.5,2376
21020N2_2.0_1.0,2377
21020N2_2.0_0.5,2378
21021N2_2.0_1.0,2379
21021N2_2.0_0.5,2380
21030N2_2.0_1.0,2381
21030N2_2.0_0.5,2382
21031N2_2.0_1.0,2383
21031N2_2.0_0.5,2384
21032N2_2.0_1.0,2385
21032N2_2.0_0.5,2386
21033N2_2.0_1.0,2387
21033N2_2.0_0.5,2388
21034N2_2.0_1.0,2389
21034N2_2.0_0.5,2390
21035N2_2.0_1.0,2391
21035N2_2.0_0.5,2392
21040N3_2.0_1.0,2393
21040N3_2.0_0.5,2394
21041N3_2.0_1.0,2395
21041N3_2.0_0.5,2396
21050N2_2.0_1.0,2397
21050N2_2.0_0.5,2398
21051N2_2.0_1.0,2399
21051N2_2.0_0.5,2400
21052N2_2.0_1.0,2401
21052N2_2.0_0.5,2402
21053N2_2.0_1.0,2403
21053N2_2.0_0.5,2404
21080N2_2.0_1.0,2405
21080N2_2.0_0.5,2406
21081N2_2.0_1.0,2407
21081N2_2.0_0.5,2408
21082N2_2.0_1.0,2409
21082N2_2.0_0.5,2410
21100N2_2.0_1.0,2411
21100N2_2.0_0.5,2412
21101N2_2.0_1.0,2413
21101N2_2.0_0.5,2414
21110N3_2.0_1.0,2415
21110N3_2.0_0.5,2416
21111N3_2.0_1.0,2417
21111N3_2.0_0.5,2418
21120N2_2.0_1.0,2419
21120N2_2.0_0.5,2420
21140N2_2.0_1.0,2421
21140N2_2.0_0.5,2422
21170N2_2.0_1.0,2423
21170N2_2.0_0.5,2424
21181N2_2.0_1.0,2425
21181N2_2.0_0.5,2426
21190N2_2.0_1.0,2427
21190N2_2.0_0.5,2428
21191N2_2.0_1.0,2429
21191N2_2.0_0.5,2430
21200N2_2.0_1.0,2431
21200N2_2.0_0.5,2432
21201N2_2.0_1.0,2433
21201N2_2.0_0.5,2434
21220N2_2.0_1.0,2435
21220N2_2.0_0.5,2436
21230N2_2.0_1.0,2437
21230N2_2.0_0.5,2439
21250N2_2.0_1.0,2440
21250N2_2.0_0.5,2441
21251N2_2.0_1.0,2443
21251N2_2.0_0.5,2444
21260N2_2.0_1.0,2445
21260N2_2.0_0.5,2446
21270N3_2.0_0.5,2447
21271N3_2.0_1.0,2448
21271N3_2.0_0.5,2449
21280N3_2.0_1.0,2450
21280N3_2.0_0.5,2451
21290N2_2.0_1.0,2452
21290N2_2.0_0.5,2453
21291N3_2.0_1.0,2454
21291N3_2.0_0.5,2455
21310N2_2.0_1.0,2456
21310N2_2.0_0.5,2457
21311N3_2.0_1.0,2458
21311N3_2.0_0.5,2459
21312N2_2.0_1.0,2460
21312N2_2.0_0.5,2461
21313N3_2.0_1.0,2462
21313N3_2.0_0.5,2463
21314N2_2.0_1.0,2464
21314N2_2.0_0.5,2465
21315N3_2.0_1.0,2466
21315N3_2.0_0.5,2467
21320N2_2.0_1.0,2468
21320N2_2.0_0.5,2469
